tenant_id,item_code,location_code,period,quantity,created_at,updated_at
apex,FG001,DC_DEL,2023-04-01,425,2026-05-31T00:00:00Z,2026-05-31T00:00:00Z
apex,FG001,DC_MUM,2023-04-01,336,2026-05-31T00:00:00Z,2026-05-31T00:00:00Z
apex,FG001,DC_BLR,2023-04-01,251,2026-05-31T00:00:00Z,2026-05-31T00:00:00Z
apex,FG001,DC_DEL,2023-05-01,383,2026-05-31T00:00:00Z,2026-05-31T00:00:00Z
apex,FG001,DC_MUM,2023-05-01,363,2026-05-31T00:00:00Z,2026-05-31T00:00:00Z
apex,FG001,DC_BLR,2023-05-01,257,2026-05-31T00:00:00Z,2026-05-31T00:00:00Z
apex,FG001,DC_DEL,2023-06-01,398,2026-05-31T00:00:00Z,2026-05-31T00:00:00Z
apex,FG001,DC_MUM,2023-06-01,306,2026-05-31T00:00:00Z,2026-05-31T00:00:00Z
apex,FG001,DC_BLR,2023-06-01,231,2026-05-31T00:00:00Z,2026-05-31T00:00:00Z
apex,FG001,DC_DEL,2023-07-01,321,2026-05-31T00:00:00Z,2026-05-31T00:00:00Z
apex,FG001,DC_MUM,2023-07-01,291,2026-05-31T00:00:00Z,2026-05-31T00:00:00Z
apex,FG001,DC_BLR,2023-07-01,217,2026-05-31T00:00:00Z,2026-05-31T00:00:00Z
apex,FG001,DC_DEL,2023-08-01,304,2026-05-31T00:00:00Z,2026-05-31T00:00:00Z
apex,FG001,DC_MUM,2023-08-01,274,2026-05-31T00:00:00Z,2026-05-31T00:00:00Z
apex,FG001,DC_BLR,2023-08-01,211,2026-05-31T00:00:00Z,2026-05-31T00:00:00Z
apex,FG001,DC_DEL,2023-09-01,328,2026-05-31T00:00:00Z,2026-05-31T00:00:00Z
apex,FG001,DC_MUM,2023-09-01,272,2026-05-31T00:00:00Z,2026-05-31T00:00:00Z
apex,FG001,DC_BLR,2023-09-01,207,2026-05-31T00:00:00Z,2026-05-31T00:00:00Z
apex,FG001,DC_DEL,2023-10-01,359,2026-05-31T00:00:00Z,2026-05-31T00:00:00Z
apex,FG001,DC_MUM,2023-10-01,276,2026-05-31T00:00:00Z,2026-05-31T00:00:00Z
apex,FG001,DC_BLR,2023-10-01,224,2026-05-31T00:00:00Z,2026-05-31T00:00:00Z
apex,FG001,DC_DEL,2023-11-01,388,2026-05-31T00:00:00Z,2026-05-31T00:00:00Z
apex,FG001,DC_MUM,2023-11-01,321,2026-05-31T00:00:00Z,2026-05-31T00:00:00Z
apex,FG001,DC_BLR,2023-11-01,222,2026-05-31T00:00:00Z,2026-05-31T00:00:00Z
apex,FG001,DC_DEL,2023-12-01,453,2026-05-31T00:00:00Z,2026-05-31T00:00:00Z
apex,FG001,DC_MUM,2023-12-01,359,2026-05-31T00:00:00Z,2026-05-31T00:00:00Z
apex,FG001,DC_BLR,2023-12-01,246,2026-05-31T00:00:00Z,2026-05-31T00:00:00Z
apex,FG001,DC_DEL,2024-01-01,439,2026-05-31T00:00:00Z,2026-05-31T00:00:00Z
apex,FG001,DC_MUM,2024-01-01,433,2026-05-31T00:00:00Z,2026-05-31T00:00:00Z
apex,FG001,DC_BLR,2024-01-01,298,2026-05-31T00:00:00Z,2026-05-31T00:00:00Z
apex,FG001,DC_DEL,2024-02-01,532,2026-05-31T00:00:00Z,2026-05-31T00:00:00Z
apex,FG001,DC_MUM,2024-02-01,460,2026-05-31T00:00:00Z,2026-05-31T00:00:00Z
apex,FG001,DC_BLR,2024-02-01,319,2026-05-31T00:00:00Z,2026-05-31T00:00:00Z
apex,FG001,DC_DEL,2024-03-01,568,2026-05-31T00:00:00Z,2026-05-31T00:00:00Z
apex,FG001,DC_MUM,2024-03-01,453,2026-05-31T00:00:00Z,2026-05-31T00:00:00Z
apex,FG001,DC_BLR,2024-03-01,333,2026-05-31T00:00:00Z,2026-05-31T00:00:00Z
apex,FG001,DC_DEL,2024-04-01,556,2026-05-31T00:00:00Z,2026-05-31T00:00:00Z
apex,FG001,DC_MUM,2024-04-01,471,2026-05-31T00:00:00Z,2026-05-31T00:00:00Z
apex,FG001,DC_BLR,2024-04-01,349,2026-05-31T00:00:00Z,2026-05-31T00:00:00Z
apex,FG001,DC_DEL,2024-05-01,514,2026-05-31T00:00:00Z,2026-05-31T00:00:00Z
apex,FG001,DC_MUM,2024-05-01,459,2026-05-31T00:00:00Z,2026-05-31T00:00:00Z
apex,FG001,DC_BLR,2024-05-01,294,2026-05-31T00:00:00Z,2026-05-31T00:00:00Z
apex,FG001,DC_DEL,2024-06-01,454,2026-05-31T00:00:00Z,2026-05-31T00:00:00Z
apex,FG001,DC_MUM,2024-06-01,402,2026-05-31T00:00:00Z,2026-05-31T00:00:00Z
apex,FG001,DC_BLR,2024-06-01,277,2026-05-31T00:00:00Z,2026-05-31T00:00:00Z
apex,FG001,DC_DEL,2024-07-01,422,2026-05-31T00:00:00Z,2026-05-31T00:00:00Z
apex,FG001,DC_MUM,2024-07-01,361,2026-05-31T00:00:00Z,2026-05-31T00:00:00Z
apex,FG001,DC_BLR,2024-07-01,266,2026-05-31T00:00:00Z,2026-05-31T00:00:00Z
apex,FG001,DC_DEL,2024-08-01,426,2026-05-31T00:00:00Z,2026-05-31T00:00:00Z
apex,FG001,DC_MUM,2024-08-01,357,2026-05-31T00:00:00Z,2026-05-31T00:00:00Z
apex,FG001,DC_BLR,2024-08-01,255,2026-05-31T00:00:00Z,2026-05-31T00:00:00Z
apex,FG001,DC_DEL,2024-09-01,394,2026-05-31T00:00:00Z,2026-05-31T00:00:00Z
apex,FG001,DC_MUM,2024-09-01,348,2026-05-31T00:00:00Z,2026-05-31T00:00:00Z
apex,FG001,DC_BLR,2024-09-01,276,2026-05-31T00:00:00Z,2026-05-31T00:00:00Z
apex,FG001,DC_DEL,2024-10-01,444,2026-05-31T00:00:00Z,2026-05-31T00:00:00Z
apex,FG001,DC_MUM,2024-10-01,386,2026-05-31T00:00:00Z,2026-05-31T00:00:00Z
apex,FG001,DC_BLR,2024-10-01,257,2026-05-31T00:00:00Z,2026-05-31T00:00:00Z
apex,FG001,DC_DEL,2024-11-01,495,2026-05-31T00:00:00Z,2026-05-31T00:00:00Z
apex,FG001,DC_MUM,2024-11-01,395,2026-05-31T00:00:00Z,2026-05-31T00:00:00Z
apex,FG001,DC_BLR,2024-11-01,293,2026-05-31T00:00:00Z,2026-05-31T00:00:00Z
apex,FG001,DC_DEL,2024-12-01,577,2026-05-31T00:00:00Z,2026-05-31T00:00:00Z
apex,FG001,DC_MUM,2024-12-01,479,2026-05-31T00:00:00Z,2026-05-31T00:00:00Z
apex,FG001,DC_BLR,2024-12-01,337,2026-05-31T00:00:00Z,2026-05-31T00:00:00Z
apex,FG001,DC_DEL,2025-01-01,612,2026-05-31T00:00:00Z,2026-05-31T00:00:00Z
apex,FG001,DC_MUM,2025-01-01,549,2026-05-31T00:00:00Z,2026-05-31T00:00:00Z
apex,FG001,DC_BLR,2025-01-01,388,2026-05-31T00:00:00Z,2026-05-31T00:00:00Z
apex,FG001,DC_DEL,2025-02-01,615,2026-05-31T00:00:00Z,2026-05-31T00:00:00Z
apex,FG001,DC_MUM,2025-02-01,521,2026-05-31T00:00:00Z,2026-05-31T00:00:00Z
apex,FG001,DC_BLR,2025-02-01,390,2026-05-31T00:00:00Z,2026-05-31T00:00:00Z
apex,FG001,DC_DEL,2025-03-01,645,2026-05-31T00:00:00Z,2026-05-31T00:00:00Z
apex,FG001,DC_MUM,2025-03-01,559,2026-05-31T00:00:00Z,2026-05-31T00:00:00Z
apex,FG001,DC_BLR,2025-03-01,448,2026-05-31T00:00:00Z,2026-05-31T00:00:00Z
apex,FG001,DC_DEL,2025-04-01,710,2026-05-31T00:00:00Z,2026-05-31T00:00:00Z
apex,FG001,DC_MUM,2025-04-01,568,2026-05-31T00:00:00Z,2026-05-31T00:00:00Z
apex,FG001,DC_BLR,2025-04-01,429,2026-05-31T00:00:00Z,2026-05-31T00:00:00Z
apex,FG001,DC_DEL,2025-05-01,633,2026-05-31T00:00:00Z,2026-05-31T00:00:00Z
apex,FG001,DC_MUM,2025-05-01,601,2026-05-31T00:00:00Z,2026-05-31T00:00:00Z
apex,FG001,DC_BLR,2025-05-01,400,2026-05-31T00:00:00Z,2026-05-31T00:00:00Z
apex,FG001,DC_DEL,2025-06-01,580,2026-05-31T00:00:00Z,2026-05-31T00:00:00Z
apex,FG001,DC_MUM,2025-06-01,506,2026-05-31T00:00:00Z,2026-05-31T00:00:00Z
apex,FG001,DC_BLR,2025-06-01,380,2026-05-31T00:00:00Z,2026-05-31T00:00:00Z
apex,FG001,DC_DEL,2025-07-01,538,2026-05-31T00:00:00Z,2026-05-31T00:00:00Z
apex,FG001,DC_MUM,2025-07-01,496,2026-05-31T00:00:00Z,2026-05-31T00:00:00Z
apex,FG001,DC_BLR,2025-07-01,372,2026-05-31T00:00:00Z,2026-05-31T00:00:00Z
apex,FG001,DC_DEL,2025-08-01,521,2026-05-31T00:00:00Z,2026-05-31T00:00:00Z
apex,FG001,DC_MUM,2025-08-01,442,2026-05-31T00:00:00Z,2026-05-31T00:00:00Z
apex,FG001,DC_BLR,2025-08-01,357,2026-05-31T00:00:00Z,2026-05-31T00:00:00Z
apex,FG001,DC_DEL,2025-09-01,525,2026-05-31T00:00:00Z,2026-05-31T00:00:00Z
apex,FG001,DC_MUM,2025-09-01,429,2026-05-31T00:00:00Z,2026-05-31T00:00:00Z
apex,FG001,DC_BLR,2025-09-01,304,2026-05-31T00:00:00Z,2026-05-31T00:00:00Z
apex,FG001,DC_DEL,2025-10-01,516,2026-05-31T00:00:00Z,2026-05-31T00:00:00Z
apex,FG001,DC_MUM,2025-10-01,491,2026-05-31T00:00:00Z,2026-05-31T00:00:00Z
apex,FG001,DC_BLR,2025-10-01,360,2026-05-31T00:00:00Z,2026-05-31T00:00:00Z
apex,FG001,DC_DEL,2025-11-01,598,2026-05-31T00:00:00Z,2026-05-31T00:00:00Z
apex,FG001,DC_MUM,2025-11-01,493,2026-05-31T00:00:00Z,2026-05-31T00:00:00Z
apex,FG001,DC_BLR,2025-11-01,371,2026-05-31T00:00:00Z,2026-05-31T00:00:00Z
apex,FG001,DC_DEL,2025-12-01,732,2026-05-31T00:00:00Z,2026-05-31T00:00:00Z
apex,FG001,DC_MUM,2025-12-01,596,2026-05-31T00:00:00Z,2026-05-31T00:00:00Z
apex,FG001,DC_BLR,2025-12-01,456,2026-05-31T00:00:00Z,2026-05-31T00:00:00Z
apex,FG001,DC_DEL,2026-01-01,798,2026-05-31T00:00:00Z,2026-05-31T00:00:00Z
apex,FG001,DC_MUM,2026-01-01,608,2026-05-31T00:00:00Z,2026-05-31T00:00:00Z
apex,FG001,DC_BLR,2026-01-01,488,2026-05-31T00:00:00Z,2026-05-31T00:00:00Z
apex,FG001,DC_DEL,2026-02-01,840,2026-05-31T00:00:00Z,2026-05-31T00:00:00Z
apex,FG001,DC_MUM,2026-02-01,718,2026-05-31T00:00:00Z,2026-05-31T00:00:00Z
apex,FG001,DC_BLR,2026-02-01,491,2026-05-31T00:00:00Z,2026-05-31T00:00:00Z
apex,FG001,DC_DEL,2026-03-01,869,2026-05-31T00:00:00Z,2026-05-31T00:00:00Z
apex,FG001,DC_MUM,2026-03-01,697,2026-05-31T00:00:00Z,2026-05-31T00:00:00Z
apex,FG001,DC_BLR,2026-03-01,525,2026-05-31T00:00:00Z,2026-05-31T00:00:00Z
apex,FG002,DC_DEL,2023-04-01,189,2026-05-31T00:00:00Z,2026-05-31T00:00:00Z
apex,FG002,DC_MUM,2023-04-01,179,2026-05-31T00:00:00Z,2026-05-31T00:00:00Z
apex,FG002,DC_BLR,2023-04-01,126,2026-05-31T00:00:00Z,2026-05-31T00:00:00Z
apex,FG002,DC_DEL,2023-05-01,173,2026-05-31T00:00:00Z,2026-05-31T00:00:00Z
apex,FG002,DC_MUM,2023-05-01,158,2026-05-31T00:00:00Z,2026-05-31T00:00:00Z
apex,FG002,DC_BLR,2023-05-01,107,2026-05-31T00:00:00Z,2026-05-31T00:00:00Z
apex,FG002,DC_DEL,2023-06-01,176,2026-05-31T00:00:00Z,2026-05-31T00:00:00Z
apex,FG002,DC_MUM,2023-06-01,153,2026-05-31T00:00:00Z,2026-05-31T00:00:00Z
apex,FG002,DC_BLR,2023-06-01,100,2026-05-31T00:00:00Z,2026-05-31T00:00:00Z
apex,FG002,DC_DEL,2023-07-01,152,2026-05-31T00:00:00Z,2026-05-31T00:00:00Z
apex,FG002,DC_MUM,2023-07-01,133,2026-05-31T00:00:00Z,2026-05-31T00:00:00Z
apex,FG002,DC_BLR,2023-07-01,88,2026-05-31T00:00:00Z,2026-05-31T00:00:00Z
apex,FG002,DC_DEL,2023-08-01,143,2026-05-31T00:00:00Z,2026-05-31T00:00:00Z
apex,FG002,DC_MUM,2023-08-01,121,2026-05-31T00:00:00Z,2026-05-31T00:00:00Z
apex,FG002,DC_BLR,2023-08-01,90,2026-05-31T00:00:00Z,2026-05-31T00:00:00Z
apex,FG002,DC_DEL,2023-09-01,135,2026-05-31T00:00:00Z,2026-05-31T00:00:00Z
apex,FG002,DC_MUM,2023-09-01,108,2026-05-31T00:00:00Z,2026-05-31T00:00:00Z
apex,FG002,DC_BLR,2023-09-01,82,2026-05-31T00:00:00Z,2026-05-31T00:00:00Z
apex,FG002,DC_DEL,2023-10-01,131,2026-05-31T00:00:00Z,2026-05-31T00:00:00Z
apex,FG002,DC_MUM,2023-10-01,132,2026-05-31T00:00:00Z,2026-05-31T00:00:00Z
apex,FG002,DC_BLR,2023-10-01,94,2026-05-31T00:00:00Z,2026-05-31T00:00:00Z
apex,FG002,DC_DEL,2023-11-01,166,2026-05-31T00:00:00Z,2026-05-31T00:00:00Z
apex,FG002,DC_MUM,2023-11-01,134,2026-05-31T00:00:00Z,2026-05-31T00:00:00Z
apex,FG002,DC_BLR,2023-11-01,92,2026-05-31T00:00:00Z,2026-05-31T00:00:00Z
apex,FG002,DC_DEL,2023-12-01,191,2026-05-31T00:00:00Z,2026-05-31T00:00:00Z
apex,FG002,DC_MUM,2023-12-01,169,2026-05-31T00:00:00Z,2026-05-31T00:00:00Z
apex,FG002,DC_BLR,2023-12-01,105,2026-05-31T00:00:00Z,2026-05-31T00:00:00Z
apex,FG002,DC_DEL,2024-01-01,203,2026-05-31T00:00:00Z,2026-05-31T00:00:00Z
apex,FG002,DC_MUM,2024-01-01,165,2026-05-31T00:00:00Z,2026-05-31T00:00:00Z
apex,FG002,DC_BLR,2024-01-01,132,2026-05-31T00:00:00Z,2026-05-31T00:00:00Z
apex,FG002,DC_DEL,2024-02-01,230,2026-05-31T00:00:00Z,2026-05-31T00:00:00Z
apex,FG002,DC_MUM,2024-02-01,182,2026-05-31T00:00:00Z,2026-05-31T00:00:00Z
apex,FG002,DC_BLR,2024-02-01,138,2026-05-31T00:00:00Z,2026-05-31T00:00:00Z
apex,FG002,DC_DEL,2024-03-01,232,2026-05-31T00:00:00Z,2026-05-31T00:00:00Z
apex,FG002,DC_MUM,2024-03-01,194,2026-05-31T00:00:00Z,2026-05-31T00:00:00Z
apex,FG002,DC_BLR,2024-03-01,152,2026-05-31T00:00:00Z,2026-05-31T00:00:00Z
apex,FG002,DC_DEL,2024-04-01,225,2026-05-31T00:00:00Z,2026-05-31T00:00:00Z
apex,FG002,DC_MUM,2024-04-01,190,2026-05-31T00:00:00Z,2026-05-31T00:00:00Z
apex,FG002,DC_BLR,2024-04-01,143,2026-05-31T00:00:00Z,2026-05-31T00:00:00Z
apex,FG002,DC_DEL,2024-05-01,223,2026-05-31T00:00:00Z,2026-05-31T00:00:00Z
apex,FG002,DC_MUM,2024-05-01,180,2026-05-31T00:00:00Z,2026-05-31T00:00:00Z
apex,FG002,DC_BLR,2024-05-01,131,2026-05-31T00:00:00Z,2026-05-31T00:00:00Z
apex,FG002,DC_DEL,2024-06-01,213,2026-05-31T00:00:00Z,2026-05-31T00:00:00Z
apex,FG002,DC_MUM,2024-06-01,177,2026-05-31T00:00:00Z,2026-05-31T00:00:00Z
apex,FG002,DC_BLR,2024-06-01,122,2026-05-31T00:00:00Z,2026-05-31T00:00:00Z
apex,FG002,DC_DEL,2024-07-01,179,2026-05-31T00:00:00Z,2026-05-31T00:00:00Z
apex,FG002,DC_MUM,2024-07-01,146,2026-05-31T00:00:00Z,2026-05-31T00:00:00Z
apex,FG002,DC_BLR,2024-07-01,106,2026-05-31T00:00:00Z,2026-05-31T00:00:00Z
apex,FG002,DC_DEL,2024-08-01,160,2026-05-31T00:00:00Z,2026-05-31T00:00:00Z
apex,FG002,DC_MUM,2024-08-01,146,2026-05-31T00:00:00Z,2026-05-31T00:00:00Z
apex,FG002,DC_BLR,2024-08-01,98,2026-05-31T00:00:00Z,2026-05-31T00:00:00Z
apex,FG002,DC_DEL,2024-09-01,154,2026-05-31T00:00:00Z,2026-05-31T00:00:00Z
apex,FG002,DC_MUM,2024-09-01,131,2026-05-31T00:00:00Z,2026-05-31T00:00:00Z
apex,FG002,DC_BLR,2024-09-01,103,2026-05-31T00:00:00Z,2026-05-31T00:00:00Z
apex,FG002,DC_DEL,2024-10-01,162,2026-05-31T00:00:00Z,2026-05-31T00:00:00Z
apex,FG002,DC_MUM,2024-10-01,158,2026-05-31T00:00:00Z,2026-05-31T00:00:00Z
apex,FG002,DC_BLR,2024-10-01,112,2026-05-31T00:00:00Z,2026-05-31T00:00:00Z
apex,FG002,DC_DEL,2024-11-01,176,2026-05-31T00:00:00Z,2026-05-31T00:00:00Z
apex,FG002,DC_MUM,2024-11-01,158,2026-05-31T00:00:00Z,2026-05-31T00:00:00Z
apex,FG002,DC_BLR,2024-11-01,121,2026-05-31T00:00:00Z,2026-05-31T00:00:00Z
apex,FG002,DC_DEL,2024-12-01,206,2026-05-31T00:00:00Z,2026-05-31T00:00:00Z
apex,FG002,DC_MUM,2024-12-01,177,2026-05-31T00:00:00Z,2026-05-31T00:00:00Z
apex,FG002,DC_BLR,2024-12-01,144,2026-05-31T00:00:00Z,2026-05-31T00:00:00Z
apex,FG002,DC_DEL,2025-01-01,246,2026-05-31T00:00:00Z,2026-05-31T00:00:00Z
apex,FG002,DC_MUM,2025-01-01,212,2026-05-31T00:00:00Z,2026-05-31T00:00:00Z
apex,FG002,DC_BLR,2025-01-01,159,2026-05-31T00:00:00Z,2026-05-31T00:00:00Z
apex,FG002,DC_DEL,2025-02-01,277,2026-05-31T00:00:00Z,2026-05-31T00:00:00Z
apex,FG002,DC_MUM,2025-02-01,220,2026-05-31T00:00:00Z,2026-05-31T00:00:00Z
apex,FG002,DC_BLR,2025-02-01,155,2026-05-31T00:00:00Z,2026-05-31T00:00:00Z
apex,FG002,DC_DEL,2025-03-01,272,2026-05-31T00:00:00Z,2026-05-31T00:00:00Z
apex,FG002,DC_MUM,2025-03-01,238,2026-05-31T00:00:00Z,2026-05-31T00:00:00Z
apex,FG002,DC_BLR,2025-03-01,171,2026-05-31T00:00:00Z,2026-05-31T00:00:00Z
apex,FG002,DC_DEL,2025-04-01,282,2026-05-31T00:00:00Z,2026-05-31T00:00:00Z
apex,FG002,DC_MUM,2025-04-01,245,2026-05-31T00:00:00Z,2026-05-31T00:00:00Z
apex,FG002,DC_BLR,2025-04-01,183,2026-05-31T00:00:00Z,2026-05-31T00:00:00Z
apex,FG002,DC_DEL,2025-05-01,241,2026-05-31T00:00:00Z,2026-05-31T00:00:00Z
apex,FG002,DC_MUM,2025-05-01,222,2026-05-31T00:00:00Z,2026-05-31T00:00:00Z
apex,FG002,DC_BLR,2025-05-01,157,2026-05-31T00:00:00Z,2026-05-31T00:00:00Z
apex,FG002,DC_DEL,2025-06-01,249,2026-05-31T00:00:00Z,2026-05-31T00:00:00Z
apex,FG002,DC_MUM,2025-06-01,198,2026-05-31T00:00:00Z,2026-05-31T00:00:00Z
apex,FG002,DC_BLR,2025-06-01,140,2026-05-31T00:00:00Z,2026-05-31T00:00:00Z
apex,FG002,DC_DEL,2025-07-01,211,2026-05-31T00:00:00Z,2026-05-31T00:00:00Z
apex,FG002,DC_MUM,2025-07-01,184,2026-05-31T00:00:00Z,2026-05-31T00:00:00Z
apex,FG002,DC_BLR,2025-07-01,128,2026-05-31T00:00:00Z,2026-05-31T00:00:00Z
apex,FG002,DC_DEL,2025-08-01,189,2026-05-31T00:00:00Z,2026-05-31T00:00:00Z
apex,FG002,DC_MUM,2025-08-01,184,2026-05-31T00:00:00Z,2026-05-31T00:00:00Z
apex,FG002,DC_BLR,2025-08-01,122,2026-05-31T00:00:00Z,2026-05-31T00:00:00Z
apex,FG002,DC_DEL,2025-09-01,203,2026-05-31T00:00:00Z,2026-05-31T00:00:00Z
apex,FG002,DC_MUM,2025-09-01,170,2026-05-31T00:00:00Z,2026-05-31T00:00:00Z
apex,FG002,DC_BLR,2025-09-01,111,2026-05-31T00:00:00Z,2026-05-31T00:00:00Z
apex,FG002,DC_DEL,2025-10-01,219,2026-05-31T00:00:00Z,2026-05-31T00:00:00Z
apex,FG002,DC_MUM,2025-10-01,187,2026-05-31T00:00:00Z,2026-05-31T00:00:00Z
apex,FG002,DC_BLR,2025-10-01,136,2026-05-31T00:00:00Z,2026-05-31T00:00:00Z
apex,FG002,DC_DEL,2025-11-01,241,2026-05-31T00:00:00Z,2026-05-31T00:00:00Z
apex,FG002,DC_MUM,2025-11-01,209,2026-05-31T00:00:00Z,2026-05-31T00:00:00Z
apex,FG002,DC_BLR,2025-11-01,134,2026-05-31T00:00:00Z,2026-05-31T00:00:00Z
apex,FG002,DC_DEL,2025-12-01,257,2026-05-31T00:00:00Z,2026-05-31T00:00:00Z
apex,FG002,DC_MUM,2025-12-01,215,2026-05-31T00:00:00Z,2026-05-31T00:00:00Z
apex,FG002,DC_BLR,2025-12-01,158,2026-05-31T00:00:00Z,2026-05-31T00:00:00Z
apex,FG002,DC_DEL,2026-01-01,270,2026-05-31T00:00:00Z,2026-05-31T00:00:00Z
apex,FG002,DC_MUM,2026-01-01,249,2026-05-31T00:00:00Z,2026-05-31T00:00:00Z
apex,FG002,DC_BLR,2026-01-01,196,2026-05-31T00:00:00Z,2026-05-31T00:00:00Z
apex,FG002,DC_DEL,2026-02-01,304,2026-05-31T00:00:00Z,2026-05-31T00:00:00Z
apex,FG002,DC_MUM,2026-02-01,289,2026-05-31T00:00:00Z,2026-05-31T00:00:00Z
apex,FG002,DC_BLR,2026-02-01,196,2026-05-31T00:00:00Z,2026-05-31T00:00:00Z
apex,FG002,DC_DEL,2026-03-01,325,2026-05-31T00:00:00Z,2026-05-31T00:00:00Z
apex,FG002,DC_MUM,2026-03-01,309,2026-05-31T00:00:00Z,2026-05-31T00:00:00Z
apex,FG002,DC_BLR,2026-03-01,222,2026-05-31T00:00:00Z,2026-05-31T00:00:00Z
apex,FG003,DC_DEL,2023-04-01,285,2026-05-31T00:00:00Z,2026-05-31T00:00:00Z
apex,FG003,DC_MUM,2023-04-01,256,2026-05-31T00:00:00Z,2026-05-31T00:00:00Z
apex,FG003,DC_BLR,2023-04-01,167,2026-05-31T00:00:00Z,2026-05-31T00:00:00Z
apex,FG003,DC_DEL,2023-05-01,266,2026-05-31T00:00:00Z,2026-05-31T00:00:00Z
apex,FG003,DC_MUM,2023-05-01,259,2026-05-31T00:00:00Z,2026-05-31T00:00:00Z
apex,FG003,DC_BLR,2023-05-01,174,2026-05-31T00:00:00Z,2026-05-31T00:00:00Z
apex,FG003,DC_DEL,2023-06-01,266,2026-05-31T00:00:00Z,2026-05-31T00:00:00Z
apex,FG003,DC_MUM,2023-06-01,240,2026-05-31T00:00:00Z,2026-05-31T00:00:00Z
apex,FG003,DC_BLR,2023-06-01,153,2026-05-31T00:00:00Z,2026-05-31T00:00:00Z
apex,FG003,DC_DEL,2023-07-01,256,2026-05-31T00:00:00Z,2026-05-31T00:00:00Z
apex,FG003,DC_MUM,2023-07-01,221,2026-05-31T00:00:00Z,2026-05-31T00:00:00Z
apex,FG003,DC_BLR,2023-07-01,167,2026-05-31T00:00:00Z,2026-05-31T00:00:00Z
apex,FG003,DC_DEL,2023-08-01,232,2026-05-31T00:00:00Z,2026-05-31T00:00:00Z
apex,FG003,DC_MUM,2023-08-01,230,2026-05-31T00:00:00Z,2026-05-31T00:00:00Z
apex,FG003,DC_BLR,2023-08-01,143,2026-05-31T00:00:00Z,2026-05-31T00:00:00Z
apex,FG003,DC_DEL,2023-09-01,231,2026-05-31T00:00:00Z,2026-05-31T00:00:00Z
apex,FG003,DC_MUM,2023-09-01,216,2026-05-31T00:00:00Z,2026-05-31T00:00:00Z
apex,FG003,DC_BLR,2023-09-01,156,2026-05-31T00:00:00Z,2026-05-31T00:00:00Z
apex,FG003,DC_DEL,2023-10-01,239,2026-05-31T00:00:00Z,2026-05-31T00:00:00Z
apex,FG003,DC_MUM,2023-10-01,205,2026-05-31T00:00:00Z,2026-05-31T00:00:00Z
apex,FG003,DC_BLR,2023-10-01,165,2026-05-31T00:00:00Z,2026-05-31T00:00:00Z
apex,FG003,DC_DEL,2023-11-01,251,2026-05-31T00:00:00Z,2026-05-31T00:00:00Z
apex,FG003,DC_MUM,2023-11-01,232,2026-05-31T00:00:00Z,2026-05-31T00:00:00Z
apex,FG003,DC_BLR,2023-11-01,166,2026-05-31T00:00:00Z,2026-05-31T00:00:00Z
apex,FG003,DC_DEL,2023-12-01,274,2026-05-31T00:00:00Z,2026-05-31T00:00:00Z
apex,FG003,DC_MUM,2023-12-01,246,2026-05-31T00:00:00Z,2026-05-31T00:00:00Z
apex,FG003,DC_BLR,2023-12-01,174,2026-05-31T00:00:00Z,2026-05-31T00:00:00Z
apex,FG003,DC_DEL,2024-01-01,314,2026-05-31T00:00:00Z,2026-05-31T00:00:00Z
apex,FG003,DC_MUM,2024-01-01,244,2026-05-31T00:00:00Z,2026-05-31T00:00:00Z
apex,FG003,DC_BLR,2024-01-01,190,2026-05-31T00:00:00Z,2026-05-31T00:00:00Z
apex,FG003,DC_DEL,2024-02-01,293,2026-05-31T00:00:00Z,2026-05-31T00:00:00Z
apex,FG003,DC_MUM,2024-02-01,263,2026-05-31T00:00:00Z,2026-05-31T00:00:00Z
apex,FG003,DC_BLR,2024-02-01,196,2026-05-31T00:00:00Z,2026-05-31T00:00:00Z
apex,FG003,DC_DEL,2024-03-01,302,2026-05-31T00:00:00Z,2026-05-31T00:00:00Z
apex,FG003,DC_MUM,2024-03-01,265,2026-05-31T00:00:00Z,2026-05-31T00:00:00Z
apex,FG003,DC_BLR,2024-03-01,203,2026-05-31T00:00:00Z,2026-05-31T00:00:00Z
apex,FG003,DC_DEL,2024-04-01,290,2026-05-31T00:00:00Z,2026-05-31T00:00:00Z
apex,FG003,DC_MUM,2024-04-01,270,2026-05-31T00:00:00Z,2026-05-31T00:00:00Z
apex,FG003,DC_BLR,2024-04-01,210,2026-05-31T00:00:00Z,2026-05-31T00:00:00Z
apex,FG003,DC_DEL,2024-05-01,327,2026-05-31T00:00:00Z,2026-05-31T00:00:00Z
apex,FG003,DC_MUM,2024-05-01,247,2026-05-31T00:00:00Z,2026-05-31T00:00:00Z
apex,FG003,DC_BLR,2024-05-01,181,2026-05-31T00:00:00Z,2026-05-31T00:00:00Z
apex,FG003,DC_DEL,2024-06-01,280,2026-05-31T00:00:00Z,2026-05-31T00:00:00Z
apex,FG003,DC_MUM,2024-06-01,272,2026-05-31T00:00:00Z,2026-05-31T00:00:00Z
apex,FG003,DC_BLR,2024-06-01,193,2026-05-31T00:00:00Z,2026-05-31T00:00:00Z
apex,FG003,DC_DEL,2024-07-01,295,2026-05-31T00:00:00Z,2026-05-31T00:00:00Z
apex,FG003,DC_MUM,2024-07-01,238,2026-05-31T00:00:00Z,2026-05-31T00:00:00Z
apex,FG003,DC_BLR,2024-07-01,164,2026-05-31T00:00:00Z,2026-05-31T00:00:00Z
apex,FG003,DC_DEL,2024-08-01,284,2026-05-31T00:00:00Z,2026-05-31T00:00:00Z
apex,FG003,DC_MUM,2024-08-01,244,2026-05-31T00:00:00Z,2026-05-31T00:00:00Z
apex,FG003,DC_BLR,2024-08-01,172,2026-05-31T00:00:00Z,2026-05-31T00:00:00Z
apex,FG003,DC_DEL,2024-09-01,289,2026-05-31T00:00:00Z,2026-05-31T00:00:00Z
apex,FG003,DC_MUM,2024-09-01,240,2026-05-31T00:00:00Z,2026-05-31T00:00:00Z
apex,FG003,DC_BLR,2024-09-01,154,2026-05-31T00:00:00Z,2026-05-31T00:00:00Z
apex,FG003,DC_DEL,2024-10-01,288,2026-05-31T00:00:00Z,2026-05-31T00:00:00Z
apex,FG003,DC_MUM,2024-10-01,232,2026-05-31T00:00:00Z,2026-05-31T00:00:00Z
apex,FG003,DC_BLR,2024-10-01,176,2026-05-31T00:00:00Z,2026-05-31T00:00:00Z
apex,FG003,DC_DEL,2024-11-01,308,2026-05-31T00:00:00Z,2026-05-31T00:00:00Z
apex,FG003,DC_MUM,2024-11-01,237,2026-05-31T00:00:00Z,2026-05-31T00:00:00Z
apex,FG003,DC_BLR,2024-11-01,169,2026-05-31T00:00:00Z,2026-05-31T00:00:00Z
apex,FG003,DC_DEL,2024-12-01,286,2026-05-31T00:00:00Z,2026-05-31T00:00:00Z
apex,FG003,DC_MUM,2024-12-01,269,2026-05-31T00:00:00Z,2026-05-31T00:00:00Z
apex,FG003,DC_BLR,2024-12-01,184,2026-05-31T00:00:00Z,2026-05-31T00:00:00Z
apex,FG003,DC_DEL,2025-01-01,328,2026-05-31T00:00:00Z,2026-05-31T00:00:00Z
apex,FG003,DC_MUM,2025-01-01,292,2026-05-31T00:00:00Z,2026-05-31T00:00:00Z
apex,FG003,DC_BLR,2025-01-01,192,2026-05-31T00:00:00Z,2026-05-31T00:00:00Z
apex,FG003,DC_DEL,2025-02-01,344,2026-05-31T00:00:00Z,2026-05-31T00:00:00Z
apex,FG003,DC_MUM,2025-02-01,283,2026-05-31T00:00:00Z,2026-05-31T00:00:00Z
apex,FG003,DC_BLR,2025-02-01,210,2026-05-31T00:00:00Z,2026-05-31T00:00:00Z
apex,FG003,DC_DEL,2025-03-01,366,2026-05-31T00:00:00Z,2026-05-31T00:00:00Z
apex,FG003,DC_MUM,2025-03-01,317,2026-05-31T00:00:00Z,2026-05-31T00:00:00Z
apex,FG003,DC_BLR,2025-03-01,201,2026-05-31T00:00:00Z,2026-05-31T00:00:00Z
apex,FG003,DC_DEL,2025-04-01,338,2026-05-31T00:00:00Z,2026-05-31T00:00:00Z
apex,FG003,DC_MUM,2025-04-01,289,2026-05-31T00:00:00Z,2026-05-31T00:00:00Z
apex,FG003,DC_BLR,2025-04-01,197,2026-05-31T00:00:00Z,2026-05-31T00:00:00Z
apex,FG003,DC_DEL,2025-05-01,348,2026-05-31T00:00:00Z,2026-05-31T00:00:00Z
apex,FG003,DC_MUM,2025-05-01,298,2026-05-31T00:00:00Z,2026-05-31T00:00:00Z
apex,FG003,DC_BLR,2025-05-01,200,2026-05-31T00:00:00Z,2026-05-31T00:00:00Z
apex,FG003,DC_DEL,2025-06-01,332,2026-05-31T00:00:00Z,2026-05-31T00:00:00Z
apex,FG003,DC_MUM,2025-06-01,282,2026-05-31T00:00:00Z,2026-05-31T00:00:00Z
apex,FG003,DC_BLR,2025-06-01,198,2026-05-31T00:00:00Z,2026-05-31T00:00:00Z
apex,FG003,DC_DEL,2025-07-01,282,2026-05-31T00:00:00Z,2026-05-31T00:00:00Z
apex,FG003,DC_MUM,2025-07-01,250,2026-05-31T00:00:00Z,2026-05-31T00:00:00Z
apex,FG003,DC_BLR,2025-07-01,203,2026-05-31T00:00:00Z,2026-05-31T00:00:00Z
apex,FG003,DC_DEL,2025-08-01,316,2026-05-31T00:00:00Z,2026-05-31T00:00:00Z
apex,FG003,DC_MUM,2025-08-01,262,2026-05-31T00:00:00Z,2026-05-31T00:00:00Z
apex,FG003,DC_BLR,2025-08-01,195,2026-05-31T00:00:00Z,2026-05-31T00:00:00Z
apex,FG003,DC_DEL,2025-09-01,299,2026-05-31T00:00:00Z,2026-05-31T00:00:00Z
apex,FG003,DC_MUM,2025-09-01,243,2026-05-31T00:00:00Z,2026-05-31T00:00:00Z
apex,FG003,DC_BLR,2025-09-01,173,2026-05-31T00:00:00Z,2026-05-31T00:00:00Z
apex,FG003,DC_DEL,2025-10-01,292,2026-05-31T00:00:00Z,2026-05-31T00:00:00Z
apex,FG003,DC_MUM,2025-10-01,281,2026-05-31T00:00:00Z,2026-05-31T00:00:00Z
apex,FG003,DC_BLR,2025-10-01,197,2026-05-31T00:00:00Z,2026-05-31T00:00:00Z
apex,FG003,DC_DEL,2025-11-01,334,2026-05-31T00:00:00Z,2026-05-31T00:00:00Z
apex,FG003,DC_MUM,2025-11-01,294,2026-05-31T00:00:00Z,2026-05-31T00:00:00Z
apex,FG003,DC_BLR,2025-11-01,188,2026-05-31T00:00:00Z,2026-05-31T00:00:00Z
apex,FG003,DC_DEL,2025-12-01,322,2026-05-31T00:00:00Z,2026-05-31T00:00:00Z
apex,FG003,DC_MUM,2025-12-01,275,2026-05-31T00:00:00Z,2026-05-31T00:00:00Z
apex,FG003,DC_BLR,2025-12-01,219,2026-05-31T00:00:00Z,2026-05-31T00:00:00Z
apex,FG003,DC_DEL,2026-01-01,377,2026-05-31T00:00:00Z,2026-05-31T00:00:00Z
apex,FG003,DC_MUM,2026-01-01,306,2026-05-31T00:00:00Z,2026-05-31T00:00:00Z
apex,FG003,DC_BLR,2026-01-01,226,2026-05-31T00:00:00Z,2026-05-31T00:00:00Z
apex,FG003,DC_DEL,2026-02-01,350,2026-05-31T00:00:00Z,2026-05-31T00:00:00Z
apex,FG003,DC_MUM,2026-02-01,346,2026-05-31T00:00:00Z,2026-05-31T00:00:00Z
apex,FG003,DC_BLR,2026-02-01,245,2026-05-31T00:00:00Z,2026-05-31T00:00:00Z
apex,FG003,DC_DEL,2026-03-01,407,2026-05-31T00:00:00Z,2026-05-31T00:00:00Z
apex,FG003,DC_MUM,2026-03-01,347,2026-05-31T00:00:00Z,2026-05-31T00:00:00Z
apex,FG003,DC_BLR,2026-03-01,251,2026-05-31T00:00:00Z,2026-05-31T00:00:00Z
apex,FG004,DC_DEL,2023-04-01,316,2026-05-31T00:00:00Z,2026-05-31T00:00:00Z
apex,FG004,DC_MUM,2023-04-01,311,2026-05-31T00:00:00Z,2026-05-31T00:00:00Z
apex,FG004,DC_BLR,2023-04-01,208,2026-05-31T00:00:00Z,2026-05-31T00:00:00Z
apex,FG004,DC_DEL,2023-05-01,359,2026-05-31T00:00:00Z,2026-05-31T00:00:00Z
apex,FG004,DC_MUM,2023-05-01,308,2026-05-31T00:00:00Z,2026-05-31T00:00:00Z
apex,FG004,DC_BLR,2023-05-01,222,2026-05-31T00:00:00Z,2026-05-31T00:00:00Z
apex,FG004,DC_DEL,2023-06-01,343,2026-05-31T00:00:00Z,2026-05-31T00:00:00Z
apex,FG004,DC_MUM,2023-06-01,275,2026-05-31T00:00:00Z,2026-05-31T00:00:00Z
apex,FG004,DC_BLR,2023-06-01,213,2026-05-31T00:00:00Z,2026-05-31T00:00:00Z
apex,FG004,DC_DEL,2023-07-01,297,2026-05-31T00:00:00Z,2026-05-31T00:00:00Z
apex,FG004,DC_MUM,2023-07-01,293,2026-05-31T00:00:00Z,2026-05-31T00:00:00Z
apex,FG004,DC_BLR,2023-07-01,209,2026-05-31T00:00:00Z,2026-05-31T00:00:00Z
apex,FG004,DC_DEL,2023-08-01,296,2026-05-31T00:00:00Z,2026-05-31T00:00:00Z
apex,FG004,DC_MUM,2023-08-01,285,2026-05-31T00:00:00Z,2026-05-31T00:00:00Z
apex,FG004,DC_BLR,2023-08-01,192,2026-05-31T00:00:00Z,2026-05-31T00:00:00Z
apex,FG004,DC_DEL,2023-09-01,300,2026-05-31T00:00:00Z,2026-05-31T00:00:00Z
apex,FG004,DC_MUM,2023-09-01,284,2026-05-31T00:00:00Z,2026-05-31T00:00:00Z
apex,FG004,DC_BLR,2023-09-01,185,2026-05-31T00:00:00Z,2026-05-31T00:00:00Z
apex,FG004,DC_DEL,2023-10-01,292,2026-05-31T00:00:00Z,2026-05-31T00:00:00Z
apex,FG004,DC_MUM,2023-10-01,263,2026-05-31T00:00:00Z,2026-05-31T00:00:00Z
apex,FG004,DC_BLR,2023-10-01,192,2026-05-31T00:00:00Z,2026-05-31T00:00:00Z
apex,FG004,DC_DEL,2023-11-01,349,2026-05-31T00:00:00Z,2026-05-31T00:00:00Z
apex,FG004,DC_MUM,2023-11-01,310,2026-05-31T00:00:00Z,2026-05-31T00:00:00Z
apex,FG004,DC_BLR,2023-11-01,199,2026-05-31T00:00:00Z,2026-05-31T00:00:00Z
apex,FG004,DC_DEL,2023-12-01,354,2026-05-31T00:00:00Z,2026-05-31T00:00:00Z
apex,FG004,DC_MUM,2023-12-01,298,2026-05-31T00:00:00Z,2026-05-31T00:00:00Z
apex,FG004,DC_BLR,2023-12-01,233,2026-05-31T00:00:00Z,2026-05-31T00:00:00Z
apex,FG004,DC_DEL,2024-01-01,366,2026-05-31T00:00:00Z,2026-05-31T00:00:00Z
apex,FG004,DC_MUM,2024-01-01,341,2026-05-31T00:00:00Z,2026-05-31T00:00:00Z
apex,FG004,DC_BLR,2024-01-01,213,2026-05-31T00:00:00Z,2026-05-31T00:00:00Z
apex,FG004,DC_DEL,2024-02-01,406,2026-05-31T00:00:00Z,2026-05-31T00:00:00Z
apex,FG004,DC_MUM,2024-02-01,314,2026-05-31T00:00:00Z,2026-05-31T00:00:00Z
apex,FG004,DC_BLR,2024-02-01,254,2026-05-31T00:00:00Z,2026-05-31T00:00:00Z
apex,FG004,DC_DEL,2024-03-01,371,2026-05-31T00:00:00Z,2026-05-31T00:00:00Z
apex,FG004,DC_MUM,2024-03-01,316,2026-05-31T00:00:00Z,2026-05-31T00:00:00Z
apex,FG004,DC_BLR,2024-03-01,238,2026-05-31T00:00:00Z,2026-05-31T00:00:00Z
apex,FG004,DC_DEL,2024-04-01,400,2026-05-31T00:00:00Z,2026-05-31T00:00:00Z
apex,FG004,DC_MUM,2024-04-01,327,2026-05-31T00:00:00Z,2026-05-31T00:00:00Z
apex,FG004,DC_BLR,2024-04-01,245,2026-05-31T00:00:00Z,2026-05-31T00:00:00Z
apex,FG004,DC_DEL,2024-05-01,379,2026-05-31T00:00:00Z,2026-05-31T00:00:00Z
apex,FG004,DC_MUM,2024-05-01,325,2026-05-31T00:00:00Z,2026-05-31T00:00:00Z
apex,FG004,DC_BLR,2024-05-01,240,2026-05-31T00:00:00Z,2026-05-31T00:00:00Z
apex,FG004,DC_DEL,2024-06-01,353,2026-05-31T00:00:00Z,2026-05-31T00:00:00Z
apex,FG004,DC_MUM,2024-06-01,333,2026-05-31T00:00:00Z,2026-05-31T00:00:00Z
apex,FG004,DC_BLR,2024-06-01,212,2026-05-31T00:00:00Z,2026-05-31T00:00:00Z
apex,FG004,DC_DEL,2024-07-01,381,2026-05-31T00:00:00Z,2026-05-31T00:00:00Z
apex,FG004,DC_MUM,2024-07-01,314,2026-05-31T00:00:00Z,2026-05-31T00:00:00Z
apex,FG004,DC_BLR,2024-07-01,231,2026-05-31T00:00:00Z,2026-05-31T00:00:00Z
apex,FG004,DC_DEL,2024-08-01,363,2026-05-31T00:00:00Z,2026-05-31T00:00:00Z
apex,FG004,DC_MUM,2024-08-01,314,2026-05-31T00:00:00Z,2026-05-31T00:00:00Z
apex,FG004,DC_BLR,2024-08-01,214,2026-05-31T00:00:00Z,2026-05-31T00:00:00Z
apex,FG004,DC_DEL,2024-09-01,325,2026-05-31T00:00:00Z,2026-05-31T00:00:00Z
apex,FG004,DC_MUM,2024-09-01,313,2026-05-31T00:00:00Z,2026-05-31T00:00:00Z
apex,FG004,DC_BLR,2024-09-01,212,2026-05-31T00:00:00Z,2026-05-31T00:00:00Z
apex,FG004,DC_DEL,2024-10-01,346,2026-05-31T00:00:00Z,2026-05-31T00:00:00Z
apex,FG004,DC_MUM,2024-10-01,329,2026-05-31T00:00:00Z,2026-05-31T00:00:00Z
apex,FG004,DC_BLR,2024-10-01,230,2026-05-31T00:00:00Z,2026-05-31T00:00:00Z
apex,FG004,DC_DEL,2024-11-01,359,2026-05-31T00:00:00Z,2026-05-31T00:00:00Z
apex,FG004,DC_MUM,2024-11-01,315,2026-05-31T00:00:00Z,2026-05-31T00:00:00Z
apex,FG004,DC_BLR,2024-11-01,229,2026-05-31T00:00:00Z,2026-05-31T00:00:00Z
apex,FG004,DC_DEL,2024-12-01,384,2026-05-31T00:00:00Z,2026-05-31T00:00:00Z
apex,FG004,DC_MUM,2024-12-01,330,2026-05-31T00:00:00Z,2026-05-31T00:00:00Z
apex,FG004,DC_BLR,2024-12-01,229,2026-05-31T00:00:00Z,2026-05-31T00:00:00Z
apex,FG004,DC_DEL,2025-01-01,405,2026-05-31T00:00:00Z,2026-05-31T00:00:00Z
apex,FG004,DC_MUM,2025-01-01,384,2026-05-31T00:00:00Z,2026-05-31T00:00:00Z
apex,FG004,DC_BLR,2025-01-01,264,2026-05-31T00:00:00Z,2026-05-31T00:00:00Z
apex,FG004,DC_DEL,2025-02-01,453,2026-05-31T00:00:00Z,2026-05-31T00:00:00Z
apex,FG004,DC_MUM,2025-02-01,380,2026-05-31T00:00:00Z,2026-05-31T00:00:00Z
apex,FG004,DC_BLR,2025-02-01,258,2026-05-31T00:00:00Z,2026-05-31T00:00:00Z
apex,FG004,DC_DEL,2025-03-01,438,2026-05-31T00:00:00Z,2026-05-31T00:00:00Z
apex,FG004,DC_MUM,2025-03-01,350,2026-05-31T00:00:00Z,2026-05-31T00:00:00Z
apex,FG004,DC_BLR,2025-03-01,262,2026-05-31T00:00:00Z,2026-05-31T00:00:00Z
apex,FG004,DC_DEL,2025-04-01,430,2026-05-31T00:00:00Z,2026-05-31T00:00:00Z
apex,FG004,DC_MUM,2025-04-01,385,2026-05-31T00:00:00Z,2026-05-31T00:00:00Z
apex,FG004,DC_BLR,2025-04-01,278,2026-05-31T00:00:00Z,2026-05-31T00:00:00Z
apex,FG004,DC_DEL,2025-05-01,424,2026-05-31T00:00:00Z,2026-05-31T00:00:00Z
apex,FG004,DC_MUM,2025-05-01,370,2026-05-31T00:00:00Z,2026-05-31T00:00:00Z
apex,FG004,DC_BLR,2025-05-01,255,2026-05-31T00:00:00Z,2026-05-31T00:00:00Z
apex,FG004,DC_DEL,2025-06-01,413,2026-05-31T00:00:00Z,2026-05-31T00:00:00Z
apex,FG004,DC_MUM,2025-06-01,386,2026-05-31T00:00:00Z,2026-05-31T00:00:00Z
apex,FG004,DC_BLR,2025-06-01,271,2026-05-31T00:00:00Z,2026-05-31T00:00:00Z
apex,FG004,DC_DEL,2025-07-01,381,2026-05-31T00:00:00Z,2026-05-31T00:00:00Z
apex,FG004,DC_MUM,2025-07-01,328,2026-05-31T00:00:00Z,2026-05-31T00:00:00Z
apex,FG004,DC_BLR,2025-07-01,252,2026-05-31T00:00:00Z,2026-05-31T00:00:00Z
apex,FG004,DC_DEL,2025-08-01,402,2026-05-31T00:00:00Z,2026-05-31T00:00:00Z
apex,FG004,DC_MUM,2025-08-01,335,2026-05-31T00:00:00Z,2026-05-31T00:00:00Z
apex,FG004,DC_BLR,2025-08-01,258,2026-05-31T00:00:00Z,2026-05-31T00:00:00Z
apex,FG004,DC_DEL,2025-09-01,409,2026-05-31T00:00:00Z,2026-05-31T00:00:00Z
apex,FG004,DC_MUM,2025-09-01,353,2026-05-31T00:00:00Z,2026-05-31T00:00:00Z
apex,FG004,DC_BLR,2025-09-01,235,2026-05-31T00:00:00Z,2026-05-31T00:00:00Z
apex,FG004,DC_DEL,2025-10-01,382,2026-05-31T00:00:00Z,2026-05-31T00:00:00Z
apex,FG004,DC_MUM,2025-10-01,325,2026-05-31T00:00:00Z,2026-05-31T00:00:00Z
apex,FG004,DC_BLR,2025-10-01,241,2026-05-31T00:00:00Z,2026-05-31T00:00:00Z
apex,FG004,DC_DEL,2025-11-01,417,2026-05-31T00:00:00Z,2026-05-31T00:00:00Z
apex,FG004,DC_MUM,2025-11-01,386,2026-05-31T00:00:00Z,2026-05-31T00:00:00Z
apex,FG004,DC_BLR,2025-11-01,244,2026-05-31T00:00:00Z,2026-05-31T00:00:00Z
apex,FG004,DC_DEL,2025-12-01,434,2026-05-31T00:00:00Z,2026-05-31T00:00:00Z
apex,FG004,DC_MUM,2025-12-01,393,2026-05-31T00:00:00Z,2026-05-31T00:00:00Z
apex,FG004,DC_BLR,2025-12-01,262,2026-05-31T00:00:00Z,2026-05-31T00:00:00Z
apex,FG004,DC_DEL,2026-01-01,477,2026-05-31T00:00:00Z,2026-05-31T00:00:00Z
apex,FG004,DC_MUM,2026-01-01,404,2026-05-31T00:00:00Z,2026-05-31T00:00:00Z
apex,FG004,DC_BLR,2026-01-01,277,2026-05-31T00:00:00Z,2026-05-31T00:00:00Z
apex,FG004,DC_DEL,2026-02-01,492,2026-05-31T00:00:00Z,2026-05-31T00:00:00Z
apex,FG004,DC_MUM,2026-02-01,387,2026-05-31T00:00:00Z,2026-05-31T00:00:00Z
apex,FG004,DC_BLR,2026-02-01,312,2026-05-31T00:00:00Z,2026-05-31T00:00:00Z
apex,FG004,DC_DEL,2026-03-01,511,2026-05-31T00:00:00Z,2026-05-31T00:00:00Z
apex,FG004,DC_MUM,2026-03-01,401,2026-05-31T00:00:00Z,2026-05-31T00:00:00Z
apex,FG004,DC_BLR,2026-03-01,302,2026-05-31T00:00:00Z,2026-05-31T00:00:00Z
apex,FG005,DC_DEL,2023-04-01,236,2026-05-31T00:00:00Z,2026-05-31T00:00:00Z
apex,FG005,DC_MUM,2023-04-01,233,2026-05-31T00:00:00Z,2026-05-31T00:00:00Z
apex,FG005,DC_BLR,2023-04-01,156,2026-05-31T00:00:00Z,2026-05-31T00:00:00Z
apex,FG005,DC_DEL,2023-05-01,225,2026-05-31T00:00:00Z,2026-05-31T00:00:00Z
apex,FG005,DC_MUM,2023-05-01,204,2026-05-31T00:00:00Z,2026-05-31T00:00:00Z
apex,FG005,DC_BLR,2023-05-01,160,2026-05-31T00:00:00Z,2026-05-31T00:00:00Z
apex,FG005,DC_DEL,2023-06-01,230,2026-05-31T00:00:00Z,2026-05-31T00:00:00Z
apex,FG005,DC_MUM,2023-06-01,212,2026-05-31T00:00:00Z,2026-05-31T00:00:00Z
apex,FG005,DC_BLR,2023-06-01,148,2026-05-31T00:00:00Z,2026-05-31T00:00:00Z
apex,FG005,DC_DEL,2023-07-01,236,2026-05-31T00:00:00Z,2026-05-31T00:00:00Z
apex,FG005,DC_MUM,2023-07-01,195,2026-05-31T00:00:00Z,2026-05-31T00:00:00Z
apex,FG005,DC_BLR,2023-07-01,147,2026-05-31T00:00:00Z,2026-05-31T00:00:00Z
apex,FG005,DC_DEL,2023-08-01,225,2026-05-31T00:00:00Z,2026-05-31T00:00:00Z
apex,FG005,DC_MUM,2023-08-01,188,2026-05-31T00:00:00Z,2026-05-31T00:00:00Z
apex,FG005,DC_BLR,2023-08-01,137,2026-05-31T00:00:00Z,2026-05-31T00:00:00Z
apex,FG005,DC_DEL,2023-09-01,212,2026-05-31T00:00:00Z,2026-05-31T00:00:00Z
apex,FG005,DC_MUM,2023-09-01,195,2026-05-31T00:00:00Z,2026-05-31T00:00:00Z
apex,FG005,DC_BLR,2023-09-01,133,2026-05-31T00:00:00Z,2026-05-31T00:00:00Z
apex,FG005,DC_DEL,2023-10-01,236,2026-05-31T00:00:00Z,2026-05-31T00:00:00Z
apex,FG005,DC_MUM,2023-10-01,202,2026-05-31T00:00:00Z,2026-05-31T00:00:00Z
apex,FG005,DC_BLR,2023-10-01,138,2026-05-31T00:00:00Z,2026-05-31T00:00:00Z
apex,FG005,DC_DEL,2023-11-01,233,2026-05-31T00:00:00Z,2026-05-31T00:00:00Z
apex,FG005,DC_MUM,2023-11-01,203,2026-05-31T00:00:00Z,2026-05-31T00:00:00Z
apex,FG005,DC_BLR,2023-11-01,155,2026-05-31T00:00:00Z,2026-05-31T00:00:00Z
apex,FG005,DC_DEL,2023-12-01,279,2026-05-31T00:00:00Z,2026-05-31T00:00:00Z
apex,FG005,DC_MUM,2023-12-01,235,2026-05-31T00:00:00Z,2026-05-31T00:00:00Z
apex,FG005,DC_BLR,2023-12-01,171,2026-05-31T00:00:00Z,2026-05-31T00:00:00Z
apex,FG005,DC_DEL,2024-01-01,285,2026-05-31T00:00:00Z,2026-05-31T00:00:00Z
apex,FG005,DC_MUM,2024-01-01,241,2026-05-31T00:00:00Z,2026-05-31T00:00:00Z
apex,FG005,DC_BLR,2024-01-01,178,2026-05-31T00:00:00Z,2026-05-31T00:00:00Z
apex,FG005,DC_DEL,2024-02-01,307,2026-05-31T00:00:00Z,2026-05-31T00:00:00Z
apex,FG005,DC_MUM,2024-02-01,270,2026-05-31T00:00:00Z,2026-05-31T00:00:00Z
apex,FG005,DC_BLR,2024-02-01,200,2026-05-31T00:00:00Z,2026-05-31T00:00:00Z
apex,FG005,DC_DEL,2024-03-01,313,2026-05-31T00:00:00Z,2026-05-31T00:00:00Z
apex,FG005,DC_MUM,2024-03-01,278,2026-05-31T00:00:00Z,2026-05-31T00:00:00Z
apex,FG005,DC_BLR,2024-03-01,214,2026-05-31T00:00:00Z,2026-05-31T00:00:00Z
apex,FG005,DC_DEL,2024-04-01,345,2026-05-31T00:00:00Z,2026-05-31T00:00:00Z
apex,FG005,DC_MUM,2024-04-01,272,2026-05-31T00:00:00Z,2026-05-31T00:00:00Z
apex,FG005,DC_BLR,2024-04-01,206,2026-05-31T00:00:00Z,2026-05-31T00:00:00Z
apex,FG005,DC_DEL,2024-05-01,328,2026-05-31T00:00:00Z,2026-05-31T00:00:00Z
apex,FG005,DC_MUM,2024-05-01,281,2026-05-31T00:00:00Z,2026-05-31T00:00:00Z
apex,FG005,DC_BLR,2024-05-01,194,2026-05-31T00:00:00Z,2026-05-31T00:00:00Z
apex,FG005,DC_DEL,2024-06-01,307,2026-05-31T00:00:00Z,2026-05-31T00:00:00Z
apex,FG005,DC_MUM,2024-06-01,290,2026-05-31T00:00:00Z,2026-05-31T00:00:00Z
apex,FG005,DC_BLR,2024-06-01,197,2026-05-31T00:00:00Z,2026-05-31T00:00:00Z
apex,FG005,DC_DEL,2024-07-01,304,2026-05-31T00:00:00Z,2026-05-31T00:00:00Z
apex,FG005,DC_MUM,2024-07-01,273,2026-05-31T00:00:00Z,2026-05-31T00:00:00Z
apex,FG005,DC_BLR,2024-07-01,192,2026-05-31T00:00:00Z,2026-05-31T00:00:00Z
apex,FG005,DC_DEL,2024-08-01,279,2026-05-31T00:00:00Z,2026-05-31T00:00:00Z
apex,FG005,DC_MUM,2024-08-01,229,2026-05-31T00:00:00Z,2026-05-31T00:00:00Z
apex,FG005,DC_BLR,2024-08-01,173,2026-05-31T00:00:00Z,2026-05-31T00:00:00Z
apex,FG005,DC_DEL,2024-09-01,296,2026-05-31T00:00:00Z,2026-05-31T00:00:00Z
apex,FG005,DC_MUM,2024-09-01,263,2026-05-31T00:00:00Z,2026-05-31T00:00:00Z
apex,FG005,DC_BLR,2024-09-01,191,2026-05-31T00:00:00Z,2026-05-31T00:00:00Z
apex,FG005,DC_DEL,2024-10-01,295,2026-05-31T00:00:00Z,2026-05-31T00:00:00Z
apex,FG005,DC_MUM,2024-10-01,272,2026-05-31T00:00:00Z,2026-05-31T00:00:00Z
apex,FG005,DC_BLR,2024-10-01,188,2026-05-31T00:00:00Z,2026-05-31T00:00:00Z
apex,FG005,DC_DEL,2024-11-01,331,2026-05-31T00:00:00Z,2026-05-31T00:00:00Z
apex,FG005,DC_MUM,2024-11-01,272,2026-05-31T00:00:00Z,2026-05-31T00:00:00Z
apex,FG005,DC_BLR,2024-11-01,194,2026-05-31T00:00:00Z,2026-05-31T00:00:00Z
apex,FG005,DC_DEL,2024-12-01,357,2026-05-31T00:00:00Z,2026-05-31T00:00:00Z
apex,FG005,DC_MUM,2024-12-01,292,2026-05-31T00:00:00Z,2026-05-31T00:00:00Z
apex,FG005,DC_BLR,2024-12-01,219,2026-05-31T00:00:00Z,2026-05-31T00:00:00Z
apex,FG005,DC_DEL,2025-01-01,409,2026-05-31T00:00:00Z,2026-05-31T00:00:00Z
apex,FG005,DC_MUM,2025-01-01,342,2026-05-31T00:00:00Z,2026-05-31T00:00:00Z
apex,FG005,DC_BLR,2025-01-01,235,2026-05-31T00:00:00Z,2026-05-31T00:00:00Z
apex,FG005,DC_DEL,2025-02-01,426,2026-05-31T00:00:00Z,2026-05-31T00:00:00Z
apex,FG005,DC_MUM,2025-02-01,352,2026-05-31T00:00:00Z,2026-05-31T00:00:00Z
apex,FG005,DC_BLR,2025-02-01,273,2026-05-31T00:00:00Z,2026-05-31T00:00:00Z
apex,FG005,DC_DEL,2025-03-01,413,2026-05-31T00:00:00Z,2026-05-31T00:00:00Z
apex,FG005,DC_MUM,2025-03-01,384,2026-05-31T00:00:00Z,2026-05-31T00:00:00Z
apex,FG005,DC_BLR,2025-03-01,282,2026-05-31T00:00:00Z,2026-05-31T00:00:00Z
apex,FG005,DC_DEL,2025-04-01,416,2026-05-31T00:00:00Z,2026-05-31T00:00:00Z
apex,FG005,DC_MUM,2025-04-01,402,2026-05-31T00:00:00Z,2026-05-31T00:00:00Z
apex,FG005,DC_BLR,2025-04-01,265,2026-05-31T00:00:00Z,2026-05-31T00:00:00Z
apex,FG005,DC_DEL,2025-05-01,436,2026-05-31T00:00:00Z,2026-05-31T00:00:00Z
apex,FG005,DC_MUM,2025-05-01,356,2026-05-31T00:00:00Z,2026-05-31T00:00:00Z
apex,FG005,DC_BLR,2025-05-01,269,2026-05-31T00:00:00Z,2026-05-31T00:00:00Z
apex,FG005,DC_DEL,2025-06-01,399,2026-05-31T00:00:00Z,2026-05-31T00:00:00Z
apex,FG005,DC_MUM,2025-06-01,356,2026-05-31T00:00:00Z,2026-05-31T00:00:00Z
apex,FG005,DC_BLR,2025-06-01,272,2026-05-31T00:00:00Z,2026-05-31T00:00:00Z
apex,FG005,DC_DEL,2025-07-01,389,2026-05-31T00:00:00Z,2026-05-31T00:00:00Z
apex,FG005,DC_MUM,2025-07-01,361,2026-05-31T00:00:00Z,2026-05-31T00:00:00Z
apex,FG005,DC_BLR,2025-07-01,261,2026-05-31T00:00:00Z,2026-05-31T00:00:00Z
apex,FG005,DC_DEL,2025-08-01,367,2026-05-31T00:00:00Z,2026-05-31T00:00:00Z
apex,FG005,DC_MUM,2025-08-01,312,2026-05-31T00:00:00Z,2026-05-31T00:00:00Z
apex,FG005,DC_BLR,2025-08-01,220,2026-05-31T00:00:00Z,2026-05-31T00:00:00Z
apex,FG005,DC_DEL,2025-09-01,385,2026-05-31T00:00:00Z,2026-05-31T00:00:00Z
apex,FG005,DC_MUM,2025-09-01,362,2026-05-31T00:00:00Z,2026-05-31T00:00:00Z
apex,FG005,DC_BLR,2025-09-01,233,2026-05-31T00:00:00Z,2026-05-31T00:00:00Z
apex,FG005,DC_DEL,2025-10-01,411,2026-05-31T00:00:00Z,2026-05-31T00:00:00Z
apex,FG005,DC_MUM,2025-10-01,367,2026-05-31T00:00:00Z,2026-05-31T00:00:00Z
apex,FG005,DC_BLR,2025-10-01,257,2026-05-31T00:00:00Z,2026-05-31T00:00:00Z
apex,FG005,DC_DEL,2025-11-01,455,2026-05-31T00:00:00Z,2026-05-31T00:00:00Z
apex,FG005,DC_MUM,2025-11-01,410,2026-05-31T00:00:00Z,2026-05-31T00:00:00Z
apex,FG005,DC_BLR,2025-11-01,260,2026-05-31T00:00:00Z,2026-05-31T00:00:00Z
apex,FG005,DC_DEL,2025-12-01,448,2026-05-31T00:00:00Z,2026-05-31T00:00:00Z
apex,FG005,DC_MUM,2025-12-01,401,2026-05-31T00:00:00Z,2026-05-31T00:00:00Z
apex,FG005,DC_BLR,2025-12-01,285,2026-05-31T00:00:00Z,2026-05-31T00:00:00Z
apex,FG005,DC_DEL,2026-01-01,549,2026-05-31T00:00:00Z,2026-05-31T00:00:00Z
apex,FG005,DC_MUM,2026-01-01,472,2026-05-31T00:00:00Z,2026-05-31T00:00:00Z
apex,FG005,DC_BLR,2026-01-01,319,2026-05-31T00:00:00Z,2026-05-31T00:00:00Z
apex,FG005,DC_DEL,2026-02-01,594,2026-05-31T00:00:00Z,2026-05-31T00:00:00Z
apex,FG005,DC_MUM,2026-02-01,525,2026-05-31T00:00:00Z,2026-05-31T00:00:00Z
apex,FG005,DC_BLR,2026-02-01,341,2026-05-31T00:00:00Z,2026-05-31T00:00:00Z
apex,FG005,DC_DEL,2026-03-01,611,2026-05-31T00:00:00Z,2026-05-31T00:00:00Z
apex,FG005,DC_MUM,2026-03-01,546,2026-05-31T00:00:00Z,2026-05-31T00:00:00Z
apex,FG005,DC_BLR,2026-03-01,352,2026-05-31T00:00:00Z,2026-05-31T00:00:00Z
apex,FG006,DC_DEL,2023-04-01,247,2026-05-31T00:00:00Z,2026-05-31T00:00:00Z
apex,FG006,DC_MUM,2023-04-01,221,2026-05-31T00:00:00Z,2026-05-31T00:00:00Z
apex,FG006,DC_BLR,2023-04-01,137,2026-05-31T00:00:00Z,2026-05-31T00:00:00Z
apex,FG006,DC_DEL,2023-05-01,209,2026-05-31T00:00:00Z,2026-05-31T00:00:00Z
apex,FG006,DC_MUM,2023-05-01,192,2026-05-31T00:00:00Z,2026-05-31T00:00:00Z
apex,FG006,DC_BLR,2023-05-01,146,2026-05-31T00:00:00Z,2026-05-31T00:00:00Z
apex,FG006,DC_DEL,2023-06-01,228,2026-05-31T00:00:00Z,2026-05-31T00:00:00Z
apex,FG006,DC_MUM,2023-06-01,183,2026-05-31T00:00:00Z,2026-05-31T00:00:00Z
apex,FG006,DC_BLR,2023-06-01,137,2026-05-31T00:00:00Z,2026-05-31T00:00:00Z
apex,FG006,DC_DEL,2023-07-01,183,2026-05-31T00:00:00Z,2026-05-31T00:00:00Z
apex,FG006,DC_MUM,2023-07-01,177,2026-05-31T00:00:00Z,2026-05-31T00:00:00Z
apex,FG006,DC_BLR,2023-07-01,125,2026-05-31T00:00:00Z,2026-05-31T00:00:00Z
apex,FG006,DC_DEL,2023-08-01,174,2026-05-31T00:00:00Z,2026-05-31T00:00:00Z
apex,FG006,DC_MUM,2023-08-01,170,2026-05-31T00:00:00Z,2026-05-31T00:00:00Z
apex,FG006,DC_BLR,2023-08-01,123,2026-05-31T00:00:00Z,2026-05-31T00:00:00Z
apex,FG006,DC_DEL,2023-09-01,188,2026-05-31T00:00:00Z,2026-05-31T00:00:00Z
apex,FG006,DC_MUM,2023-09-01,152,2026-05-31T00:00:00Z,2026-05-31T00:00:00Z
apex,FG006,DC_BLR,2023-09-01,125,2026-05-31T00:00:00Z,2026-05-31T00:00:00Z
apex,FG006,DC_DEL,2023-10-01,206,2026-05-31T00:00:00Z,2026-05-31T00:00:00Z
apex,FG006,DC_MUM,2023-10-01,169,2026-05-31T00:00:00Z,2026-05-31T00:00:00Z
apex,FG006,DC_BLR,2023-10-01,122,2026-05-31T00:00:00Z,2026-05-31T00:00:00Z
apex,FG006,DC_DEL,2023-11-01,217,2026-05-31T00:00:00Z,2026-05-31T00:00:00Z
apex,FG006,DC_MUM,2023-11-01,194,2026-05-31T00:00:00Z,2026-05-31T00:00:00Z
apex,FG006,DC_BLR,2023-11-01,135,2026-05-31T00:00:00Z,2026-05-31T00:00:00Z
apex,FG006,DC_DEL,2023-12-01,268,2026-05-31T00:00:00Z,2026-05-31T00:00:00Z
apex,FG006,DC_MUM,2023-12-01,233,2026-05-31T00:00:00Z,2026-05-31T00:00:00Z
apex,FG006,DC_BLR,2023-12-01,148,2026-05-31T00:00:00Z,2026-05-31T00:00:00Z
apex,FG006,DC_DEL,2024-01-01,308,2026-05-31T00:00:00Z,2026-05-31T00:00:00Z
apex,FG006,DC_MUM,2024-01-01,257,2026-05-31T00:00:00Z,2026-05-31T00:00:00Z
apex,FG006,DC_BLR,2024-01-01,189,2026-05-31T00:00:00Z,2026-05-31T00:00:00Z
apex,FG006,DC_DEL,2024-02-01,326,2026-05-31T00:00:00Z,2026-05-31T00:00:00Z
apex,FG006,DC_MUM,2024-02-01,273,2026-05-31T00:00:00Z,2026-05-31T00:00:00Z
apex,FG006,DC_BLR,2024-02-01,204,2026-05-31T00:00:00Z,2026-05-31T00:00:00Z
apex,FG006,DC_DEL,2024-03-01,357,2026-05-31T00:00:00Z,2026-05-31T00:00:00Z
apex,FG006,DC_MUM,2024-03-01,280,2026-05-31T00:00:00Z,2026-05-31T00:00:00Z
apex,FG006,DC_BLR,2024-03-01,218,2026-05-31T00:00:00Z,2026-05-31T00:00:00Z
apex,FG006,DC_DEL,2024-04-01,337,2026-05-31T00:00:00Z,2026-05-31T00:00:00Z
apex,FG006,DC_MUM,2024-04-01,292,2026-05-31T00:00:00Z,2026-05-31T00:00:00Z
apex,FG006,DC_BLR,2024-04-01,207,2026-05-31T00:00:00Z,2026-05-31T00:00:00Z
apex,FG006,DC_DEL,2024-05-01,335,2026-05-31T00:00:00Z,2026-05-31T00:00:00Z
apex,FG006,DC_MUM,2024-05-01,272,2026-05-31T00:00:00Z,2026-05-31T00:00:00Z
apex,FG006,DC_BLR,2024-05-01,213,2026-05-31T00:00:00Z,2026-05-31T00:00:00Z
apex,FG006,DC_DEL,2024-06-01,319,2026-05-31T00:00:00Z,2026-05-31T00:00:00Z
apex,FG006,DC_MUM,2024-06-01,247,2026-05-31T00:00:00Z,2026-05-31T00:00:00Z
apex,FG006,DC_BLR,2024-06-01,201,2026-05-31T00:00:00Z,2026-05-31T00:00:00Z
apex,FG006,DC_DEL,2024-07-01,269,2026-05-31T00:00:00Z,2026-05-31T00:00:00Z
apex,FG006,DC_MUM,2024-07-01,244,2026-05-31T00:00:00Z,2026-05-31T00:00:00Z
apex,FG006,DC_BLR,2024-07-01,178,2026-05-31T00:00:00Z,2026-05-31T00:00:00Z
apex,FG006,DC_DEL,2024-08-01,260,2026-05-31T00:00:00Z,2026-05-31T00:00:00Z
apex,FG006,DC_MUM,2024-08-01,215,2026-05-31T00:00:00Z,2026-05-31T00:00:00Z
apex,FG006,DC_BLR,2024-08-01,175,2026-05-31T00:00:00Z,2026-05-31T00:00:00Z
apex,FG006,DC_DEL,2024-09-01,251,2026-05-31T00:00:00Z,2026-05-31T00:00:00Z
apex,FG006,DC_MUM,2024-09-01,221,2026-05-31T00:00:00Z,2026-05-31T00:00:00Z
apex,FG006,DC_BLR,2024-09-01,173,2026-05-31T00:00:00Z,2026-05-31T00:00:00Z
apex,FG006,DC_DEL,2024-10-01,274,2026-05-31T00:00:00Z,2026-05-31T00:00:00Z
apex,FG006,DC_MUM,2024-10-01,261,2026-05-31T00:00:00Z,2026-05-31T00:00:00Z
apex,FG006,DC_BLR,2024-10-01,182,2026-05-31T00:00:00Z,2026-05-31T00:00:00Z
apex,FG006,DC_DEL,2024-11-01,304,2026-05-31T00:00:00Z,2026-05-31T00:00:00Z
apex,FG006,DC_MUM,2024-11-01,255,2026-05-31T00:00:00Z,2026-05-31T00:00:00Z
apex,FG006,DC_BLR,2024-11-01,211,2026-05-31T00:00:00Z,2026-05-31T00:00:00Z
apex,FG006,DC_DEL,2024-12-01,337,2026-05-31T00:00:00Z,2026-05-31T00:00:00Z
apex,FG006,DC_MUM,2024-12-01,327,2026-05-31T00:00:00Z,2026-05-31T00:00:00Z
apex,FG006,DC_BLR,2024-12-01,225,2026-05-31T00:00:00Z,2026-05-31T00:00:00Z
apex,FG006,DC_DEL,2025-01-01,426,2026-05-31T00:00:00Z,2026-05-31T00:00:00Z
apex,FG006,DC_MUM,2025-01-01,369,2026-05-31T00:00:00Z,2026-05-31T00:00:00Z
apex,FG006,DC_BLR,2025-01-01,262,2026-05-31T00:00:00Z,2026-05-31T00:00:00Z
apex,FG006,DC_DEL,2025-02-01,449,2026-05-31T00:00:00Z,2026-05-31T00:00:00Z
apex,FG006,DC_MUM,2025-02-01,412,2026-05-31T00:00:00Z,2026-05-31T00:00:00Z
apex,FG006,DC_BLR,2025-02-01,263,2026-05-31T00:00:00Z,2026-05-31T00:00:00Z
apex,FG006,DC_DEL,2025-03-01,453,2026-05-31T00:00:00Z,2026-05-31T00:00:00Z
apex,FG006,DC_MUM,2025-03-01,427,2026-05-31T00:00:00Z,2026-05-31T00:00:00Z
apex,FG006,DC_BLR,2025-03-01,287,2026-05-31T00:00:00Z,2026-05-31T00:00:00Z
apex,FG006,DC_DEL,2025-04-01,483,2026-05-31T00:00:00Z,2026-05-31T00:00:00Z
apex,FG006,DC_MUM,2025-04-01,416,2026-05-31T00:00:00Z,2026-05-31T00:00:00Z
apex,FG006,DC_BLR,2025-04-01,300,2026-05-31T00:00:00Z,2026-05-31T00:00:00Z
apex,FG006,DC_DEL,2025-05-01,455,2026-05-31T00:00:00Z,2026-05-31T00:00:00Z
apex,FG006,DC_MUM,2025-05-01,419,2026-05-31T00:00:00Z,2026-05-31T00:00:00Z
apex,FG006,DC_BLR,2025-05-01,280,2026-05-31T00:00:00Z,2026-05-31T00:00:00Z
apex,FG006,DC_DEL,2025-06-01,445,2026-05-31T00:00:00Z,2026-05-31T00:00:00Z
apex,FG006,DC_MUM,2025-06-01,364,2026-05-31T00:00:00Z,2026-05-31T00:00:00Z
apex,FG006,DC_BLR,2025-06-01,259,2026-05-31T00:00:00Z,2026-05-31T00:00:00Z
apex,FG006,DC_DEL,2025-07-01,376,2026-05-31T00:00:00Z,2026-05-31T00:00:00Z
apex,FG006,DC_MUM,2025-07-01,333,2026-05-31T00:00:00Z,2026-05-31T00:00:00Z
apex,FG006,DC_BLR,2025-07-01,235,2026-05-31T00:00:00Z,2026-05-31T00:00:00Z
apex,FG006,DC_DEL,2025-08-01,381,2026-05-31T00:00:00Z,2026-05-31T00:00:00Z
apex,FG006,DC_MUM,2025-08-01,345,2026-05-31T00:00:00Z,2026-05-31T00:00:00Z
apex,FG006,DC_BLR,2025-08-01,225,2026-05-31T00:00:00Z,2026-05-31T00:00:00Z
apex,FG006,DC_DEL,2025-09-01,360,2026-05-31T00:00:00Z,2026-05-31T00:00:00Z
apex,FG006,DC_MUM,2025-09-01,329,2026-05-31T00:00:00Z,2026-05-31T00:00:00Z
apex,FG006,DC_BLR,2025-09-01,244,2026-05-31T00:00:00Z,2026-05-31T00:00:00Z
apex,FG006,DC_DEL,2025-10-01,432,2026-05-31T00:00:00Z,2026-05-31T00:00:00Z
apex,FG006,DC_MUM,2025-10-01,353,2026-05-31T00:00:00Z,2026-05-31T00:00:00Z
apex,FG006,DC_BLR,2025-10-01,242,2026-05-31T00:00:00Z,2026-05-31T00:00:00Z
apex,FG006,DC_DEL,2025-11-01,421,2026-05-31T00:00:00Z,2026-05-31T00:00:00Z
apex,FG006,DC_MUM,2025-11-01,374,2026-05-31T00:00:00Z,2026-05-31T00:00:00Z
apex,FG006,DC_BLR,2025-11-01,269,2026-05-31T00:00:00Z,2026-05-31T00:00:00Z
apex,FG006,DC_DEL,2025-12-01,489,2026-05-31T00:00:00Z,2026-05-31T00:00:00Z
apex,FG006,DC_MUM,2025-12-01,416,2026-05-31T00:00:00Z,2026-05-31T00:00:00Z
apex,FG006,DC_BLR,2025-12-01,324,2026-05-31T00:00:00Z,2026-05-31T00:00:00Z
apex,FG006,DC_DEL,2026-01-01,562,2026-05-31T00:00:00Z,2026-05-31T00:00:00Z
apex,FG006,DC_MUM,2026-01-01,549,2026-05-31T00:00:00Z,2026-05-31T00:00:00Z
apex,FG006,DC_BLR,2026-01-01,368,2026-05-31T00:00:00Z,2026-05-31T00:00:00Z
apex,FG006,DC_DEL,2026-02-01,661,2026-05-31T00:00:00Z,2026-05-31T00:00:00Z
apex,FG006,DC_MUM,2026-02-01,527,2026-05-31T00:00:00Z,2026-05-31T00:00:00Z
apex,FG006,DC_BLR,2026-02-01,424,2026-05-31T00:00:00Z,2026-05-31T00:00:00Z
apex,FG006,DC_DEL,2026-03-01,674,2026-05-31T00:00:00Z,2026-05-31T00:00:00Z
apex,FG006,DC_MUM,2026-03-01,626,2026-05-31T00:00:00Z,2026-05-31T00:00:00Z
apex,FG006,DC_BLR,2026-03-01,427,2026-05-31T00:00:00Z,2026-05-31T00:00:00Z
apex,FG007,DC_DEL,2023-04-01,159,2026-05-31T00:00:00Z,2026-05-31T00:00:00Z
apex,FG007,DC_MUM,2023-04-01,138,2026-05-31T00:00:00Z,2026-05-31T00:00:00Z
apex,FG007,DC_BLR,2023-04-01,95,2026-05-31T00:00:00Z,2026-05-31T00:00:00Z
apex,FG007,DC_DEL,2023-05-01,142,2026-05-31T00:00:00Z,2026-05-31T00:00:00Z
apex,FG007,DC_MUM,2023-05-01,143,2026-05-31T00:00:00Z,2026-05-31T00:00:00Z
apex,FG007,DC_BLR,2023-05-01,95,2026-05-31T00:00:00Z,2026-05-31T00:00:00Z
apex,FG007,DC_DEL,2023-06-01,151,2026-05-31T00:00:00Z,2026-05-31T00:00:00Z
apex,FG007,DC_MUM,2023-06-01,123,2026-05-31T00:00:00Z,2026-05-31T00:00:00Z
apex,FG007,DC_BLR,2023-06-01,84,2026-05-31T00:00:00Z,2026-05-31T00:00:00Z
apex,FG007,DC_DEL,2023-07-01,136,2026-05-31T00:00:00Z,2026-05-31T00:00:00Z
apex,FG007,DC_MUM,2023-07-01,108,2026-05-31T00:00:00Z,2026-05-31T00:00:00Z
apex,FG007,DC_BLR,2023-07-01,79,2026-05-31T00:00:00Z,2026-05-31T00:00:00Z
apex,FG007,DC_DEL,2023-08-01,128,2026-05-31T00:00:00Z,2026-05-31T00:00:00Z
apex,FG007,DC_MUM,2023-08-01,107,2026-05-31T00:00:00Z,2026-05-31T00:00:00Z
apex,FG007,DC_BLR,2023-08-01,85,2026-05-31T00:00:00Z,2026-05-31T00:00:00Z
apex,FG007,DC_DEL,2023-09-01,117,2026-05-31T00:00:00Z,2026-05-31T00:00:00Z
apex,FG007,DC_MUM,2023-09-01,114,2026-05-31T00:00:00Z,2026-05-31T00:00:00Z
apex,FG007,DC_BLR,2023-09-01,79,2026-05-31T00:00:00Z,2026-05-31T00:00:00Z
apex,FG007,DC_DEL,2023-10-01,136,2026-05-31T00:00:00Z,2026-05-31T00:00:00Z
apex,FG007,DC_MUM,2023-10-01,108,2026-05-31T00:00:00Z,2026-05-31T00:00:00Z
apex,FG007,DC_BLR,2023-10-01,81,2026-05-31T00:00:00Z,2026-05-31T00:00:00Z
apex,FG007,DC_DEL,2023-11-01,139,2026-05-31T00:00:00Z,2026-05-31T00:00:00Z
apex,FG007,DC_MUM,2023-11-01,121,2026-05-31T00:00:00Z,2026-05-31T00:00:00Z
apex,FG007,DC_BLR,2023-11-01,93,2026-05-31T00:00:00Z,2026-05-31T00:00:00Z
apex,FG007,DC_DEL,2023-12-01,166,2026-05-31T00:00:00Z,2026-05-31T00:00:00Z
apex,FG007,DC_MUM,2023-12-01,131,2026-05-31T00:00:00Z,2026-05-31T00:00:00Z
apex,FG007,DC_BLR,2023-12-01,98,2026-05-31T00:00:00Z,2026-05-31T00:00:00Z
apex,FG007,DC_DEL,2024-01-01,171,2026-05-31T00:00:00Z,2026-05-31T00:00:00Z
apex,FG007,DC_MUM,2024-01-01,153,2026-05-31T00:00:00Z,2026-05-31T00:00:00Z
apex,FG007,DC_BLR,2024-01-01,113,2026-05-31T00:00:00Z,2026-05-31T00:00:00Z
apex,FG007,DC_DEL,2024-02-01,171,2026-05-31T00:00:00Z,2026-05-31T00:00:00Z
apex,FG007,DC_MUM,2024-02-01,150,2026-05-31T00:00:00Z,2026-05-31T00:00:00Z
apex,FG007,DC_BLR,2024-02-01,115,2026-05-31T00:00:00Z,2026-05-31T00:00:00Z
apex,FG007,DC_DEL,2024-03-01,175,2026-05-31T00:00:00Z,2026-05-31T00:00:00Z
apex,FG007,DC_MUM,2024-03-01,154,2026-05-31T00:00:00Z,2026-05-31T00:00:00Z
apex,FG007,DC_BLR,2024-03-01,108,2026-05-31T00:00:00Z,2026-05-31T00:00:00Z
apex,FG007,DC_DEL,2024-04-01,169,2026-05-31T00:00:00Z,2026-05-31T00:00:00Z
apex,FG007,DC_MUM,2024-04-01,160,2026-05-31T00:00:00Z,2026-05-31T00:00:00Z
apex,FG007,DC_BLR,2024-04-01,117,2026-05-31T00:00:00Z,2026-05-31T00:00:00Z
apex,FG007,DC_DEL,2024-05-01,171,2026-05-31T00:00:00Z,2026-05-31T00:00:00Z
apex,FG007,DC_MUM,2024-05-01,148,2026-05-31T00:00:00Z,2026-05-31T00:00:00Z
apex,FG007,DC_BLR,2024-05-01,114,2026-05-31T00:00:00Z,2026-05-31T00:00:00Z
apex,FG007,DC_DEL,2024-06-01,171,2026-05-31T00:00:00Z,2026-05-31T00:00:00Z
apex,FG007,DC_MUM,2024-06-01,144,2026-05-31T00:00:00Z,2026-05-31T00:00:00Z
apex,FG007,DC_BLR,2024-06-01,107,2026-05-31T00:00:00Z,2026-05-31T00:00:00Z
apex,FG007,DC_DEL,2024-07-01,164,2026-05-31T00:00:00Z,2026-05-31T00:00:00Z
apex,FG007,DC_MUM,2024-07-01,141,2026-05-31T00:00:00Z,2026-05-31T00:00:00Z
apex,FG007,DC_BLR,2024-07-01,98,2026-05-31T00:00:00Z,2026-05-31T00:00:00Z
apex,FG007,DC_DEL,2024-08-01,150,2026-05-31T00:00:00Z,2026-05-31T00:00:00Z
apex,FG007,DC_MUM,2024-08-01,137,2026-05-31T00:00:00Z,2026-05-31T00:00:00Z
apex,FG007,DC_BLR,2024-08-01,90,2026-05-31T00:00:00Z,2026-05-31T00:00:00Z
apex,FG007,DC_DEL,2024-09-01,145,2026-05-31T00:00:00Z,2026-05-31T00:00:00Z
apex,FG007,DC_MUM,2024-09-01,129,2026-05-31T00:00:00Z,2026-05-31T00:00:00Z
apex,FG007,DC_BLR,2024-09-01,96,2026-05-31T00:00:00Z,2026-05-31T00:00:00Z
apex,FG007,DC_DEL,2024-10-01,157,2026-05-31T00:00:00Z,2026-05-31T00:00:00Z
apex,FG007,DC_MUM,2024-10-01,122,2026-05-31T00:00:00Z,2026-05-31T00:00:00Z
apex,FG007,DC_BLR,2024-10-01,88,2026-05-31T00:00:00Z,2026-05-31T00:00:00Z
apex,FG007,DC_DEL,2024-11-01,157,2026-05-31T00:00:00Z,2026-05-31T00:00:00Z
apex,FG007,DC_MUM,2024-11-01,147,2026-05-31T00:00:00Z,2026-05-31T00:00:00Z
apex,FG007,DC_BLR,2024-11-01,102,2026-05-31T00:00:00Z,2026-05-31T00:00:00Z
apex,FG007,DC_DEL,2024-12-01,172,2026-05-31T00:00:00Z,2026-05-31T00:00:00Z
apex,FG007,DC_MUM,2024-12-01,146,2026-05-31T00:00:00Z,2026-05-31T00:00:00Z
apex,FG007,DC_BLR,2024-12-01,114,2026-05-31T00:00:00Z,2026-05-31T00:00:00Z
apex,FG007,DC_DEL,2025-01-01,200,2026-05-31T00:00:00Z,2026-05-31T00:00:00Z
apex,FG007,DC_MUM,2025-01-01,182,2026-05-31T00:00:00Z,2026-05-31T00:00:00Z
apex,FG007,DC_BLR,2025-01-01,121,2026-05-31T00:00:00Z,2026-05-31T00:00:00Z
apex,FG007,DC_DEL,2025-02-01,207,2026-05-31T00:00:00Z,2026-05-31T00:00:00Z
apex,FG007,DC_MUM,2025-02-01,169,2026-05-31T00:00:00Z,2026-05-31T00:00:00Z
apex,FG007,DC_BLR,2025-02-01,120,2026-05-31T00:00:00Z,2026-05-31T00:00:00Z
apex,FG007,DC_DEL,2025-03-01,211,2026-05-31T00:00:00Z,2026-05-31T00:00:00Z
apex,FG007,DC_MUM,2025-03-01,182,2026-05-31T00:00:00Z,2026-05-31T00:00:00Z
apex,FG007,DC_BLR,2025-03-01,128,2026-05-31T00:00:00Z,2026-05-31T00:00:00Z
apex,FG007,DC_DEL,2025-04-01,198,2026-05-31T00:00:00Z,2026-05-31T00:00:00Z
apex,FG007,DC_MUM,2025-04-01,199,2026-05-31T00:00:00Z,2026-05-31T00:00:00Z
apex,FG007,DC_BLR,2025-04-01,140,2026-05-31T00:00:00Z,2026-05-31T00:00:00Z
apex,FG007,DC_DEL,2025-05-01,206,2026-05-31T00:00:00Z,2026-05-31T00:00:00Z
apex,FG007,DC_MUM,2025-05-01,191,2026-05-31T00:00:00Z,2026-05-31T00:00:00Z
apex,FG007,DC_BLR,2025-05-01,138,2026-05-31T00:00:00Z,2026-05-31T00:00:00Z
apex,FG007,DC_DEL,2025-06-01,196,2026-05-31T00:00:00Z,2026-05-31T00:00:00Z
apex,FG007,DC_MUM,2025-06-01,161,2026-05-31T00:00:00Z,2026-05-31T00:00:00Z
apex,FG007,DC_BLR,2025-06-01,111,2026-05-31T00:00:00Z,2026-05-31T00:00:00Z
apex,FG007,DC_DEL,2025-07-01,185,2026-05-31T00:00:00Z,2026-05-31T00:00:00Z
apex,FG007,DC_MUM,2025-07-01,155,2026-05-31T00:00:00Z,2026-05-31T00:00:00Z
apex,FG007,DC_BLR,2025-07-01,114,2026-05-31T00:00:00Z,2026-05-31T00:00:00Z
apex,FG007,DC_DEL,2025-08-01,180,2026-05-31T00:00:00Z,2026-05-31T00:00:00Z
apex,FG007,DC_MUM,2025-08-01,140,2026-05-31T00:00:00Z,2026-05-31T00:00:00Z
apex,FG007,DC_BLR,2025-08-01,107,2026-05-31T00:00:00Z,2026-05-31T00:00:00Z
apex,FG007,DC_DEL,2025-09-01,170,2026-05-31T00:00:00Z,2026-05-31T00:00:00Z
apex,FG007,DC_MUM,2025-09-01,145,2026-05-31T00:00:00Z,2026-05-31T00:00:00Z
apex,FG007,DC_BLR,2025-09-01,97,2026-05-31T00:00:00Z,2026-05-31T00:00:00Z
apex,FG007,DC_DEL,2025-10-01,168,2026-05-31T00:00:00Z,2026-05-31T00:00:00Z
apex,FG007,DC_MUM,2025-10-01,147,2026-05-31T00:00:00Z,2026-05-31T00:00:00Z
apex,FG007,DC_BLR,2025-10-01,111,2026-05-31T00:00:00Z,2026-05-31T00:00:00Z
apex,FG007,DC_DEL,2025-11-01,197,2026-05-31T00:00:00Z,2026-05-31T00:00:00Z
apex,FG007,DC_MUM,2025-11-01,159,2026-05-31T00:00:00Z,2026-05-31T00:00:00Z
apex,FG007,DC_BLR,2025-11-01,120,2026-05-31T00:00:00Z,2026-05-31T00:00:00Z
apex,FG007,DC_DEL,2025-12-01,198,2026-05-31T00:00:00Z,2026-05-31T00:00:00Z
apex,FG007,DC_MUM,2025-12-01,192,2026-05-31T00:00:00Z,2026-05-31T00:00:00Z
apex,FG007,DC_BLR,2025-12-01,135,2026-05-31T00:00:00Z,2026-05-31T00:00:00Z
apex,FG007,DC_DEL,2026-01-01,226,2026-05-31T00:00:00Z,2026-05-31T00:00:00Z
apex,FG007,DC_MUM,2026-01-01,195,2026-05-31T00:00:00Z,2026-05-31T00:00:00Z
apex,FG007,DC_BLR,2026-01-01,136,2026-05-31T00:00:00Z,2026-05-31T00:00:00Z
apex,FG007,DC_DEL,2026-02-01,232,2026-05-31T00:00:00Z,2026-05-31T00:00:00Z
apex,FG007,DC_MUM,2026-02-01,225,2026-05-31T00:00:00Z,2026-05-31T00:00:00Z
apex,FG007,DC_BLR,2026-02-01,147,2026-05-31T00:00:00Z,2026-05-31T00:00:00Z
apex,FG007,DC_DEL,2026-03-01,247,2026-05-31T00:00:00Z,2026-05-31T00:00:00Z
apex,FG007,DC_MUM,2026-03-01,233,2026-05-31T00:00:00Z,2026-05-31T00:00:00Z
apex,FG007,DC_BLR,2026-03-01,158,2026-05-31T00:00:00Z,2026-05-31T00:00:00Z
apex,FG008,DC_DEL,2023-04-01,197,2026-05-31T00:00:00Z,2026-05-31T00:00:00Z
apex,FG008,DC_MUM,2023-04-01,169,2026-05-31T00:00:00Z,2026-05-31T00:00:00Z
apex,FG008,DC_BLR,2023-04-01,116,2026-05-31T00:00:00Z,2026-05-31T00:00:00Z
apex,FG008,DC_DEL,2023-05-01,186,2026-05-31T00:00:00Z,2026-05-31T00:00:00Z
apex,FG008,DC_MUM,2023-05-01,174,2026-05-31T00:00:00Z,2026-05-31T00:00:00Z
apex,FG008,DC_BLR,2023-05-01,122,2026-05-31T00:00:00Z,2026-05-31T00:00:00Z
apex,FG008,DC_DEL,2023-06-01,191,2026-05-31T00:00:00Z,2026-05-31T00:00:00Z
apex,FG008,DC_MUM,2023-06-01,153,2026-05-31T00:00:00Z,2026-05-31T00:00:00Z
apex,FG008,DC_BLR,2023-06-01,115,2026-05-31T00:00:00Z,2026-05-31T00:00:00Z
apex,FG008,DC_DEL,2023-07-01,188,2026-05-31T00:00:00Z,2026-05-31T00:00:00Z
apex,FG008,DC_MUM,2023-07-01,152,2026-05-31T00:00:00Z,2026-05-31T00:00:00Z
apex,FG008,DC_BLR,2023-07-01,113,2026-05-31T00:00:00Z,2026-05-31T00:00:00Z
apex,FG008,DC_DEL,2023-08-01,160,2026-05-31T00:00:00Z,2026-05-31T00:00:00Z
apex,FG008,DC_MUM,2023-08-01,160,2026-05-31T00:00:00Z,2026-05-31T00:00:00Z
apex,FG008,DC_BLR,2023-08-01,108,2026-05-31T00:00:00Z,2026-05-31T00:00:00Z
apex,FG008,DC_DEL,2023-09-01,162,2026-05-31T00:00:00Z,2026-05-31T00:00:00Z
apex,FG008,DC_MUM,2023-09-01,140,2026-05-31T00:00:00Z,2026-05-31T00:00:00Z
apex,FG008,DC_BLR,2023-09-01,107,2026-05-31T00:00:00Z,2026-05-31T00:00:00Z
apex,FG008,DC_DEL,2023-10-01,175,2026-05-31T00:00:00Z,2026-05-31T00:00:00Z
apex,FG008,DC_MUM,2023-10-01,142,2026-05-31T00:00:00Z,2026-05-31T00:00:00Z
apex,FG008,DC_BLR,2023-10-01,117,2026-05-31T00:00:00Z,2026-05-31T00:00:00Z
apex,FG008,DC_DEL,2023-11-01,194,2026-05-31T00:00:00Z,2026-05-31T00:00:00Z
apex,FG008,DC_MUM,2023-11-01,158,2026-05-31T00:00:00Z,2026-05-31T00:00:00Z
apex,FG008,DC_BLR,2023-11-01,107,2026-05-31T00:00:00Z,2026-05-31T00:00:00Z
apex,FG008,DC_DEL,2023-12-01,204,2026-05-31T00:00:00Z,2026-05-31T00:00:00Z
apex,FG008,DC_MUM,2023-12-01,169,2026-05-31T00:00:00Z,2026-05-31T00:00:00Z
apex,FG008,DC_BLR,2023-12-01,125,2026-05-31T00:00:00Z,2026-05-31T00:00:00Z
apex,FG008,DC_DEL,2024-01-01,205,2026-05-31T00:00:00Z,2026-05-31T00:00:00Z
apex,FG008,DC_MUM,2024-01-01,173,2026-05-31T00:00:00Z,2026-05-31T00:00:00Z
apex,FG008,DC_BLR,2024-01-01,135,2026-05-31T00:00:00Z,2026-05-31T00:00:00Z
apex,FG008,DC_DEL,2024-02-01,230,2026-05-31T00:00:00Z,2026-05-31T00:00:00Z
apex,FG008,DC_MUM,2024-02-01,180,2026-05-31T00:00:00Z,2026-05-31T00:00:00Z
apex,FG008,DC_BLR,2024-02-01,135,2026-05-31T00:00:00Z,2026-05-31T00:00:00Z
apex,FG008,DC_DEL,2024-03-01,214,2026-05-31T00:00:00Z,2026-05-31T00:00:00Z
apex,FG008,DC_MUM,2024-03-01,204,2026-05-31T00:00:00Z,2026-05-31T00:00:00Z
apex,FG008,DC_BLR,2024-03-01,137,2026-05-31T00:00:00Z,2026-05-31T00:00:00Z
apex,FG008,DC_DEL,2024-04-01,231,2026-05-31T00:00:00Z,2026-05-31T00:00:00Z
apex,FG008,DC_MUM,2024-04-01,202,2026-05-31T00:00:00Z,2026-05-31T00:00:00Z
apex,FG008,DC_BLR,2024-04-01,131,2026-05-31T00:00:00Z,2026-05-31T00:00:00Z
apex,FG008,DC_DEL,2024-05-01,222,2026-05-31T00:00:00Z,2026-05-31T00:00:00Z
apex,FG008,DC_MUM,2024-05-01,183,2026-05-31T00:00:00Z,2026-05-31T00:00:00Z
apex,FG008,DC_BLR,2024-05-01,142,2026-05-31T00:00:00Z,2026-05-31T00:00:00Z
apex,FG008,DC_DEL,2024-06-01,204,2026-05-31T00:00:00Z,2026-05-31T00:00:00Z
apex,FG008,DC_MUM,2024-06-01,188,2026-05-31T00:00:00Z,2026-05-31T00:00:00Z
apex,FG008,DC_BLR,2024-06-01,123,2026-05-31T00:00:00Z,2026-05-31T00:00:00Z
apex,FG008,DC_DEL,2024-07-01,189,2026-05-31T00:00:00Z,2026-05-31T00:00:00Z
apex,FG008,DC_MUM,2024-07-01,174,2026-05-31T00:00:00Z,2026-05-31T00:00:00Z
apex,FG008,DC_BLR,2024-07-01,132,2026-05-31T00:00:00Z,2026-05-31T00:00:00Z
apex,FG008,DC_DEL,2024-08-01,189,2026-05-31T00:00:00Z,2026-05-31T00:00:00Z
apex,FG008,DC_MUM,2024-08-01,157,2026-05-31T00:00:00Z,2026-05-31T00:00:00Z
apex,FG008,DC_BLR,2024-08-01,119,2026-05-31T00:00:00Z,2026-05-31T00:00:00Z
apex,FG008,DC_DEL,2024-09-01,184,2026-05-31T00:00:00Z,2026-05-31T00:00:00Z
apex,FG008,DC_MUM,2024-09-01,166,2026-05-31T00:00:00Z,2026-05-31T00:00:00Z
apex,FG008,DC_BLR,2024-09-01,119,2026-05-31T00:00:00Z,2026-05-31T00:00:00Z
apex,FG008,DC_DEL,2024-10-01,192,2026-05-31T00:00:00Z,2026-05-31T00:00:00Z
apex,FG008,DC_MUM,2024-10-01,164,2026-05-31T00:00:00Z,2026-05-31T00:00:00Z
apex,FG008,DC_BLR,2024-10-01,115,2026-05-31T00:00:00Z,2026-05-31T00:00:00Z
apex,FG008,DC_DEL,2024-11-01,209,2026-05-31T00:00:00Z,2026-05-31T00:00:00Z
apex,FG008,DC_MUM,2024-11-01,179,2026-05-31T00:00:00Z,2026-05-31T00:00:00Z
apex,FG008,DC_BLR,2024-11-01,121,2026-05-31T00:00:00Z,2026-05-31T00:00:00Z
apex,FG008,DC_DEL,2024-12-01,225,2026-05-31T00:00:00Z,2026-05-31T00:00:00Z
apex,FG008,DC_MUM,2024-12-01,175,2026-05-31T00:00:00Z,2026-05-31T00:00:00Z
apex,FG008,DC_BLR,2024-12-01,140,2026-05-31T00:00:00Z,2026-05-31T00:00:00Z
apex,FG008,DC_DEL,2025-01-01,236,2026-05-31T00:00:00Z,2026-05-31T00:00:00Z
apex,FG008,DC_MUM,2025-01-01,210,2026-05-31T00:00:00Z,2026-05-31T00:00:00Z
apex,FG008,DC_BLR,2025-01-01,140,2026-05-31T00:00:00Z,2026-05-31T00:00:00Z
apex,FG008,DC_DEL,2025-02-01,244,2026-05-31T00:00:00Z,2026-05-31T00:00:00Z
apex,FG008,DC_MUM,2025-02-01,219,2026-05-31T00:00:00Z,2026-05-31T00:00:00Z
apex,FG008,DC_BLR,2025-02-01,160,2026-05-31T00:00:00Z,2026-05-31T00:00:00Z
apex,FG008,DC_DEL,2025-03-01,243,2026-05-31T00:00:00Z,2026-05-31T00:00:00Z
apex,FG008,DC_MUM,2025-03-01,197,2026-05-31T00:00:00Z,2026-05-31T00:00:00Z
apex,FG008,DC_BLR,2025-03-01,152,2026-05-31T00:00:00Z,2026-05-31T00:00:00Z
apex,FG008,DC_DEL,2025-04-01,246,2026-05-31T00:00:00Z,2026-05-31T00:00:00Z
apex,FG008,DC_MUM,2025-04-01,225,2026-05-31T00:00:00Z,2026-05-31T00:00:00Z
apex,FG008,DC_BLR,2025-04-01,161,2026-05-31T00:00:00Z,2026-05-31T00:00:00Z
apex,FG008,DC_DEL,2025-05-01,234,2026-05-31T00:00:00Z,2026-05-31T00:00:00Z
apex,FG008,DC_MUM,2025-05-01,208,2026-05-31T00:00:00Z,2026-05-31T00:00:00Z
apex,FG008,DC_BLR,2025-05-01,147,2026-05-31T00:00:00Z,2026-05-31T00:00:00Z
apex,FG008,DC_DEL,2025-06-01,235,2026-05-31T00:00:00Z,2026-05-31T00:00:00Z
apex,FG008,DC_MUM,2025-06-01,196,2026-05-31T00:00:00Z,2026-05-31T00:00:00Z
apex,FG008,DC_BLR,2025-06-01,146,2026-05-31T00:00:00Z,2026-05-31T00:00:00Z
apex,FG008,DC_DEL,2025-07-01,206,2026-05-31T00:00:00Z,2026-05-31T00:00:00Z
apex,FG008,DC_MUM,2025-07-01,190,2026-05-31T00:00:00Z,2026-05-31T00:00:00Z
apex,FG008,DC_BLR,2025-07-01,146,2026-05-31T00:00:00Z,2026-05-31T00:00:00Z
apex,FG008,DC_DEL,2025-08-01,206,2026-05-31T00:00:00Z,2026-05-31T00:00:00Z
apex,FG008,DC_MUM,2025-08-01,191,2026-05-31T00:00:00Z,2026-05-31T00:00:00Z
apex,FG008,DC_BLR,2025-08-01,135,2026-05-31T00:00:00Z,2026-05-31T00:00:00Z
apex,FG008,DC_DEL,2025-09-01,222,2026-05-31T00:00:00Z,2026-05-31T00:00:00Z
apex,FG008,DC_MUM,2025-09-01,194,2026-05-31T00:00:00Z,2026-05-31T00:00:00Z
apex,FG008,DC_BLR,2025-09-01,139,2026-05-31T00:00:00Z,2026-05-31T00:00:00Z
apex,FG008,DC_DEL,2025-10-01,211,2026-05-31T00:00:00Z,2026-05-31T00:00:00Z
apex,FG008,DC_MUM,2025-10-01,183,2026-05-31T00:00:00Z,2026-05-31T00:00:00Z
apex,FG008,DC_BLR,2025-10-01,139,2026-05-31T00:00:00Z,2026-05-31T00:00:00Z
apex,FG008,DC_DEL,2025-11-01,235,2026-05-31T00:00:00Z,2026-05-31T00:00:00Z
apex,FG008,DC_MUM,2025-11-01,209,2026-05-31T00:00:00Z,2026-05-31T00:00:00Z
apex,FG008,DC_BLR,2025-11-01,131,2026-05-31T00:00:00Z,2026-05-31T00:00:00Z
apex,FG008,DC_DEL,2025-12-01,223,2026-05-31T00:00:00Z,2026-05-31T00:00:00Z
apex,FG008,DC_MUM,2025-12-01,214,2026-05-31T00:00:00Z,2026-05-31T00:00:00Z
apex,FG008,DC_BLR,2025-12-01,160,2026-05-31T00:00:00Z,2026-05-31T00:00:00Z
apex,FG008,DC_DEL,2026-01-01,274,2026-05-31T00:00:00Z,2026-05-31T00:00:00Z
apex,FG008,DC_MUM,2026-01-01,231,2026-05-31T00:00:00Z,2026-05-31T00:00:00Z
apex,FG008,DC_BLR,2026-01-01,157,2026-05-31T00:00:00Z,2026-05-31T00:00:00Z
apex,FG008,DC_DEL,2026-02-01,248,2026-05-31T00:00:00Z,2026-05-31T00:00:00Z
apex,FG008,DC_MUM,2026-02-01,237,2026-05-31T00:00:00Z,2026-05-31T00:00:00Z
apex,FG008,DC_BLR,2026-02-01,176,2026-05-31T00:00:00Z,2026-05-31T00:00:00Z
apex,FG008,DC_DEL,2026-03-01,268,2026-05-31T00:00:00Z,2026-05-31T00:00:00Z
apex,FG008,DC_MUM,2026-03-01,244,2026-05-31T00:00:00Z,2026-05-31T00:00:00Z
apex,FG008,DC_BLR,2026-03-01,180,2026-05-31T00:00:00Z,2026-05-31T00:00:00Z
apex,FG009,DC_DEL,2023-04-01,280,2026-05-31T00:00:00Z,2026-05-31T00:00:00Z
apex,FG009,DC_MUM,2023-04-01,277,2026-05-31T00:00:00Z,2026-05-31T00:00:00Z
apex,FG009,DC_BLR,2023-04-01,183,2026-05-31T00:00:00Z,2026-05-31T00:00:00Z
apex,FG009,DC_DEL,2023-05-01,272,2026-05-31T00:00:00Z,2026-05-31T00:00:00Z
apex,FG009,DC_MUM,2023-05-01,229,2026-05-31T00:00:00Z,2026-05-31T00:00:00Z
apex,FG009,DC_BLR,2023-05-01,175,2026-05-31T00:00:00Z,2026-05-31T00:00:00Z
apex,FG009,DC_DEL,2023-06-01,246,2026-05-31T00:00:00Z,2026-05-31T00:00:00Z
apex,FG009,DC_MUM,2023-06-01,223,2026-05-31T00:00:00Z,2026-05-31T00:00:00Z
apex,FG009,DC_BLR,2023-06-01,144,2026-05-31T00:00:00Z,2026-05-31T00:00:00Z
apex,FG009,DC_DEL,2023-07-01,194,2026-05-31T00:00:00Z,2026-05-31T00:00:00Z
apex,FG009,DC_MUM,2023-07-01,193,2026-05-31T00:00:00Z,2026-05-31T00:00:00Z
apex,FG009,DC_BLR,2023-07-01,133,2026-05-31T00:00:00Z,2026-05-31T00:00:00Z
apex,FG009,DC_DEL,2023-08-01,175,2026-05-31T00:00:00Z,2026-05-31T00:00:00Z
apex,FG009,DC_MUM,2023-08-01,170,2026-05-31T00:00:00Z,2026-05-31T00:00:00Z
apex,FG009,DC_BLR,2023-08-01,108,2026-05-31T00:00:00Z,2026-05-31T00:00:00Z
apex,FG009,DC_DEL,2023-09-01,173,2026-05-31T00:00:00Z,2026-05-31T00:00:00Z
apex,FG009,DC_MUM,2023-09-01,146,2026-05-31T00:00:00Z,2026-05-31T00:00:00Z
apex,FG009,DC_BLR,2023-09-01,104,2026-05-31T00:00:00Z,2026-05-31T00:00:00Z
apex,FG009,DC_DEL,2023-10-01,171,2026-05-31T00:00:00Z,2026-05-31T00:00:00Z
apex,FG009,DC_MUM,2023-10-01,170,2026-05-31T00:00:00Z,2026-05-31T00:00:00Z
apex,FG009,DC_BLR,2023-10-01,123,2026-05-31T00:00:00Z,2026-05-31T00:00:00Z
apex,FG009,DC_DEL,2023-11-01,220,2026-05-31T00:00:00Z,2026-05-31T00:00:00Z
apex,FG009,DC_MUM,2023-11-01,177,2026-05-31T00:00:00Z,2026-05-31T00:00:00Z
apex,FG009,DC_BLR,2023-11-01,133,2026-05-31T00:00:00Z,2026-05-31T00:00:00Z
apex,FG009,DC_DEL,2023-12-01,248,2026-05-31T00:00:00Z,2026-05-31T00:00:00Z
apex,FG009,DC_MUM,2023-12-01,225,2026-05-31T00:00:00Z,2026-05-31T00:00:00Z
apex,FG009,DC_BLR,2023-12-01,162,2026-05-31T00:00:00Z,2026-05-31T00:00:00Z
apex,FG009,DC_DEL,2024-01-01,290,2026-05-31T00:00:00Z,2026-05-31T00:00:00Z
apex,FG009,DC_MUM,2024-01-01,247,2026-05-31T00:00:00Z,2026-05-31T00:00:00Z
apex,FG009,DC_BLR,2024-01-01,194,2026-05-31T00:00:00Z,2026-05-31T00:00:00Z
apex,FG009,DC_DEL,2024-02-01,309,2026-05-31T00:00:00Z,2026-05-31T00:00:00Z
apex,FG009,DC_MUM,2024-02-01,278,2026-05-31T00:00:00Z,2026-05-31T00:00:00Z
apex,FG009,DC_BLR,2024-02-01,202,2026-05-31T00:00:00Z,2026-05-31T00:00:00Z
apex,FG009,DC_DEL,2024-03-01,323,2026-05-31T00:00:00Z,2026-05-31T00:00:00Z
apex,FG009,DC_MUM,2024-03-01,298,2026-05-31T00:00:00Z,2026-05-31T00:00:00Z
apex,FG009,DC_BLR,2024-03-01,213,2026-05-31T00:00:00Z,2026-05-31T00:00:00Z
apex,FG009,DC_DEL,2024-04-01,355,2026-05-31T00:00:00Z,2026-05-31T00:00:00Z
apex,FG009,DC_MUM,2024-04-01,278,2026-05-31T00:00:00Z,2026-05-31T00:00:00Z
apex,FG009,DC_BLR,2024-04-01,221,2026-05-31T00:00:00Z,2026-05-31T00:00:00Z
apex,FG009,DC_DEL,2024-05-01,310,2026-05-31T00:00:00Z,2026-05-31T00:00:00Z
apex,FG009,DC_MUM,2024-05-01,255,2026-05-31T00:00:00Z,2026-05-31T00:00:00Z
apex,FG009,DC_BLR,2024-05-01,191,2026-05-31T00:00:00Z,2026-05-31T00:00:00Z
apex,FG009,DC_DEL,2024-06-01,272,2026-05-31T00:00:00Z,2026-05-31T00:00:00Z
apex,FG009,DC_MUM,2024-06-01,241,2026-05-31T00:00:00Z,2026-05-31T00:00:00Z
apex,FG009,DC_BLR,2024-06-01,153,2026-05-31T00:00:00Z,2026-05-31T00:00:00Z
apex,FG009,DC_DEL,2024-07-01,230,2026-05-31T00:00:00Z,2026-05-31T00:00:00Z
apex,FG009,DC_MUM,2024-07-01,198,2026-05-31T00:00:00Z,2026-05-31T00:00:00Z
apex,FG009,DC_BLR,2024-07-01,151,2026-05-31T00:00:00Z,2026-05-31T00:00:00Z
apex,FG009,DC_DEL,2024-08-01,192,2026-05-31T00:00:00Z,2026-05-31T00:00:00Z
apex,FG009,DC_MUM,2024-08-01,182,2026-05-31T00:00:00Z,2026-05-31T00:00:00Z
apex,FG009,DC_BLR,2024-08-01,126,2026-05-31T00:00:00Z,2026-05-31T00:00:00Z
apex,FG009,DC_DEL,2024-09-01,185,2026-05-31T00:00:00Z,2026-05-31T00:00:00Z
apex,FG009,DC_MUM,2024-09-01,169,2026-05-31T00:00:00Z,2026-05-31T00:00:00Z
apex,FG009,DC_BLR,2024-09-01,121,2026-05-31T00:00:00Z,2026-05-31T00:00:00Z
apex,FG009,DC_DEL,2024-10-01,207,2026-05-31T00:00:00Z,2026-05-31T00:00:00Z
apex,FG009,DC_MUM,2024-10-01,182,2026-05-31T00:00:00Z,2026-05-31T00:00:00Z
apex,FG009,DC_BLR,2024-10-01,129,2026-05-31T00:00:00Z,2026-05-31T00:00:00Z
apex,FG009,DC_DEL,2024-11-01,246,2026-05-31T00:00:00Z,2026-05-31T00:00:00Z
apex,FG009,DC_MUM,2024-11-01,208,2026-05-31T00:00:00Z,2026-05-31T00:00:00Z
apex,FG009,DC_BLR,2024-11-01,155,2026-05-31T00:00:00Z,2026-05-31T00:00:00Z
apex,FG009,DC_DEL,2024-12-01,282,2026-05-31T00:00:00Z,2026-05-31T00:00:00Z
apex,FG009,DC_MUM,2024-12-01,234,2026-05-31T00:00:00Z,2026-05-31T00:00:00Z
apex,FG009,DC_BLR,2024-12-01,171,2026-05-31T00:00:00Z,2026-05-31T00:00:00Z
apex,FG009,DC_DEL,2025-01-01,324,2026-05-31T00:00:00Z,2026-05-31T00:00:00Z
apex,FG009,DC_MUM,2025-01-01,290,2026-05-31T00:00:00Z,2026-05-31T00:00:00Z
apex,FG009,DC_BLR,2025-01-01,187,2026-05-31T00:00:00Z,2026-05-31T00:00:00Z
apex,FG009,DC_DEL,2025-02-01,341,2026-05-31T00:00:00Z,2026-05-31T00:00:00Z
apex,FG009,DC_MUM,2025-02-01,321,2026-05-31T00:00:00Z,2026-05-31T00:00:00Z
apex,FG009,DC_BLR,2025-02-01,209,2026-05-31T00:00:00Z,2026-05-31T00:00:00Z
apex,FG009,DC_DEL,2025-03-01,345,2026-05-31T00:00:00Z,2026-05-31T00:00:00Z
apex,FG009,DC_MUM,2025-03-01,323,2026-05-31T00:00:00Z,2026-05-31T00:00:00Z
apex,FG009,DC_BLR,2025-03-01,246,2026-05-31T00:00:00Z,2026-05-31T00:00:00Z
apex,FG009,DC_DEL,2025-04-01,359,2026-05-31T00:00:00Z,2026-05-31T00:00:00Z
apex,FG009,DC_MUM,2025-04-01,333,2026-05-31T00:00:00Z,2026-05-31T00:00:00Z
apex,FG009,DC_BLR,2025-04-01,235,2026-05-31T00:00:00Z,2026-05-31T00:00:00Z
apex,FG009,DC_DEL,2025-05-01,316,2026-05-31T00:00:00Z,2026-05-31T00:00:00Z
apex,FG009,DC_MUM,2025-05-01,302,2026-05-31T00:00:00Z,2026-05-31T00:00:00Z
apex,FG009,DC_BLR,2025-05-01,205,2026-05-31T00:00:00Z,2026-05-31T00:00:00Z
apex,FG009,DC_DEL,2025-06-01,302,2026-05-31T00:00:00Z,2026-05-31T00:00:00Z
apex,FG009,DC_MUM,2025-06-01,262,2026-05-31T00:00:00Z,2026-05-31T00:00:00Z
apex,FG009,DC_BLR,2025-06-01,175,2026-05-31T00:00:00Z,2026-05-31T00:00:00Z
apex,FG009,DC_DEL,2025-07-01,231,2026-05-31T00:00:00Z,2026-05-31T00:00:00Z
apex,FG009,DC_MUM,2025-07-01,231,2026-05-31T00:00:00Z,2026-05-31T00:00:00Z
apex,FG009,DC_BLR,2025-07-01,145,2026-05-31T00:00:00Z,2026-05-31T00:00:00Z
apex,FG009,DC_DEL,2025-08-01,232,2026-05-31T00:00:00Z,2026-05-31T00:00:00Z
apex,FG009,DC_MUM,2025-08-01,200,2026-05-31T00:00:00Z,2026-05-31T00:00:00Z
apex,FG009,DC_BLR,2025-08-01,140,2026-05-31T00:00:00Z,2026-05-31T00:00:00Z
apex,FG009,DC_DEL,2025-09-01,221,2026-05-31T00:00:00Z,2026-05-31T00:00:00Z
apex,FG009,DC_MUM,2025-09-01,193,2026-05-31T00:00:00Z,2026-05-31T00:00:00Z
apex,FG009,DC_BLR,2025-09-01,135,2026-05-31T00:00:00Z,2026-05-31T00:00:00Z
apex,FG009,DC_DEL,2025-10-01,214,2026-05-31T00:00:00Z,2026-05-31T00:00:00Z
apex,FG009,DC_MUM,2025-10-01,201,2026-05-31T00:00:00Z,2026-05-31T00:00:00Z
apex,FG009,DC_BLR,2025-10-01,126,2026-05-31T00:00:00Z,2026-05-31T00:00:00Z
apex,FG009,DC_DEL,2025-11-01,255,2026-05-31T00:00:00Z,2026-05-31T00:00:00Z
apex,FG009,DC_MUM,2025-11-01,220,2026-05-31T00:00:00Z,2026-05-31T00:00:00Z
apex,FG009,DC_BLR,2025-11-01,163,2026-05-31T00:00:00Z,2026-05-31T00:00:00Z
apex,FG009,DC_DEL,2025-12-01,308,2026-05-31T00:00:00Z,2026-05-31T00:00:00Z
apex,FG009,DC_MUM,2025-12-01,266,2026-05-31T00:00:00Z,2026-05-31T00:00:00Z
apex,FG009,DC_BLR,2025-12-01,197,2026-05-31T00:00:00Z,2026-05-31T00:00:00Z
apex,FG009,DC_DEL,2026-01-01,372,2026-05-31T00:00:00Z,2026-05-31T00:00:00Z
apex,FG009,DC_MUM,2026-01-01,285,2026-05-31T00:00:00Z,2026-05-31T00:00:00Z
apex,FG009,DC_BLR,2026-01-01,208,2026-05-31T00:00:00Z,2026-05-31T00:00:00Z
apex,FG009,DC_DEL,2026-02-01,354,2026-05-31T00:00:00Z,2026-05-31T00:00:00Z
apex,FG009,DC_MUM,2026-02-01,356,2026-05-31T00:00:00Z,2026-05-31T00:00:00Z
apex,FG009,DC_BLR,2026-02-01,242,2026-05-31T00:00:00Z,2026-05-31T00:00:00Z
apex,FG009,DC_DEL,2026-03-01,425,2026-05-31T00:00:00Z,2026-05-31T00:00:00Z
apex,FG009,DC_MUM,2026-03-01,333,2026-05-31T00:00:00Z,2026-05-31T00:00:00Z
apex,FG009,DC_BLR,2026-03-01,232,2026-05-31T00:00:00Z,2026-05-31T00:00:00Z
apex,FG010,DC_DEL,2023-04-01,384,2026-05-31T00:00:00Z,2026-05-31T00:00:00Z
apex,FG010,DC_MUM,2023-04-01,340,2026-05-31T00:00:00Z,2026-05-31T00:00:00Z
apex,FG010,DC_BLR,2023-04-01,221,2026-05-31T00:00:00Z,2026-05-31T00:00:00Z
apex,FG010,DC_DEL,2023-05-01,330,2026-05-31T00:00:00Z,2026-05-31T00:00:00Z
apex,FG010,DC_MUM,2023-05-01,276,2026-05-31T00:00:00Z,2026-05-31T00:00:00Z
apex,FG010,DC_BLR,2023-05-01,224,2026-05-31T00:00:00Z,2026-05-31T00:00:00Z
apex,FG010,DC_DEL,2023-06-01,281,2026-05-31T00:00:00Z,2026-05-31T00:00:00Z
apex,FG010,DC_MUM,2023-06-01,254,2026-05-31T00:00:00Z,2026-05-31T00:00:00Z
apex,FG010,DC_BLR,2023-06-01,170,2026-05-31T00:00:00Z,2026-05-31T00:00:00Z
apex,FG010,DC_DEL,2023-07-01,259,2026-05-31T00:00:00Z,2026-05-31T00:00:00Z
apex,FG010,DC_MUM,2023-07-01,201,2026-05-31T00:00:00Z,2026-05-31T00:00:00Z
apex,FG010,DC_BLR,2023-07-01,151,2026-05-31T00:00:00Z,2026-05-31T00:00:00Z
apex,FG010,DC_DEL,2023-08-01,215,2026-05-31T00:00:00Z,2026-05-31T00:00:00Z
apex,FG010,DC_MUM,2023-08-01,191,2026-05-31T00:00:00Z,2026-05-31T00:00:00Z
apex,FG010,DC_BLR,2023-08-01,140,2026-05-31T00:00:00Z,2026-05-31T00:00:00Z
apex,FG010,DC_DEL,2023-09-01,196,2026-05-31T00:00:00Z,2026-05-31T00:00:00Z
apex,FG010,DC_MUM,2023-09-01,181,2026-05-31T00:00:00Z,2026-05-31T00:00:00Z
apex,FG010,DC_BLR,2023-09-01,117,2026-05-31T00:00:00Z,2026-05-31T00:00:00Z
apex,FG010,DC_DEL,2023-10-01,214,2026-05-31T00:00:00Z,2026-05-31T00:00:00Z
apex,FG010,DC_MUM,2023-10-01,178,2026-05-31T00:00:00Z,2026-05-31T00:00:00Z
apex,FG010,DC_BLR,2023-10-01,136,2026-05-31T00:00:00Z,2026-05-31T00:00:00Z
apex,FG010,DC_DEL,2023-11-01,258,2026-05-31T00:00:00Z,2026-05-31T00:00:00Z
apex,FG010,DC_MUM,2023-11-01,246,2026-05-31T00:00:00Z,2026-05-31T00:00:00Z
apex,FG010,DC_BLR,2023-11-01,151,2026-05-31T00:00:00Z,2026-05-31T00:00:00Z
apex,FG010,DC_DEL,2023-12-01,316,2026-05-31T00:00:00Z,2026-05-31T00:00:00Z
apex,FG010,DC_MUM,2023-12-01,280,2026-05-31T00:00:00Z,2026-05-31T00:00:00Z
apex,FG010,DC_BLR,2023-12-01,216,2026-05-31T00:00:00Z,2026-05-31T00:00:00Z
apex,FG010,DC_DEL,2024-01-01,408,2026-05-31T00:00:00Z,2026-05-31T00:00:00Z
apex,FG010,DC_MUM,2024-01-01,316,2026-05-31T00:00:00Z,2026-05-31T00:00:00Z
apex,FG010,DC_BLR,2024-01-01,249,2026-05-31T00:00:00Z,2026-05-31T00:00:00Z
apex,FG010,DC_DEL,2024-02-01,439,2026-05-31T00:00:00Z,2026-05-31T00:00:00Z
apex,FG010,DC_MUM,2024-02-01,411,2026-05-31T00:00:00Z,2026-05-31T00:00:00Z
apex,FG010,DC_BLR,2024-02-01,266,2026-05-31T00:00:00Z,2026-05-31T00:00:00Z
apex,FG010,DC_DEL,2024-03-01,452,2026-05-31T00:00:00Z,2026-05-31T00:00:00Z
apex,FG010,DC_MUM,2024-03-01,382,2026-05-31T00:00:00Z,2026-05-31T00:00:00Z
apex,FG010,DC_BLR,2024-03-01,270,2026-05-31T00:00:00Z,2026-05-31T00:00:00Z
apex,FG010,DC_DEL,2024-04-01,477,2026-05-31T00:00:00Z,2026-05-31T00:00:00Z
apex,FG010,DC_MUM,2024-04-01,393,2026-05-31T00:00:00Z,2026-05-31T00:00:00Z
apex,FG010,DC_BLR,2024-04-01,290,2026-05-31T00:00:00Z,2026-05-31T00:00:00Z
apex,FG010,DC_DEL,2024-05-01,424,2026-05-31T00:00:00Z,2026-05-31T00:00:00Z
apex,FG010,DC_MUM,2024-05-01,369,2026-05-31T00:00:00Z,2026-05-31T00:00:00Z
apex,FG010,DC_BLR,2024-05-01,239,2026-05-31T00:00:00Z,2026-05-31T00:00:00Z
apex,FG010,DC_DEL,2024-06-01,376,2026-05-31T00:00:00Z,2026-05-31T00:00:00Z
apex,FG010,DC_MUM,2024-06-01,302,2026-05-31T00:00:00Z,2026-05-31T00:00:00Z
apex,FG010,DC_BLR,2024-06-01,211,2026-05-31T00:00:00Z,2026-05-31T00:00:00Z
apex,FG010,DC_DEL,2024-07-01,305,2026-05-31T00:00:00Z,2026-05-31T00:00:00Z
apex,FG010,DC_MUM,2024-07-01,246,2026-05-31T00:00:00Z,2026-05-31T00:00:00Z
apex,FG010,DC_BLR,2024-07-01,197,2026-05-31T00:00:00Z,2026-05-31T00:00:00Z
apex,FG010,DC_DEL,2024-08-01,247,2026-05-31T00:00:00Z,2026-05-31T00:00:00Z
apex,FG010,DC_MUM,2024-08-01,217,2026-05-31T00:00:00Z,2026-05-31T00:00:00Z
apex,FG010,DC_BLR,2024-08-01,172,2026-05-31T00:00:00Z,2026-05-31T00:00:00Z
apex,FG010,DC_DEL,2024-09-01,240,2026-05-31T00:00:00Z,2026-05-31T00:00:00Z
apex,FG010,DC_MUM,2024-09-01,204,2026-05-31T00:00:00Z,2026-05-31T00:00:00Z
apex,FG010,DC_BLR,2024-09-01,164,2026-05-31T00:00:00Z,2026-05-31T00:00:00Z
apex,FG010,DC_DEL,2024-10-01,248,2026-05-31T00:00:00Z,2026-05-31T00:00:00Z
apex,FG010,DC_MUM,2024-10-01,249,2026-05-31T00:00:00Z,2026-05-31T00:00:00Z
apex,FG010,DC_BLR,2024-10-01,159,2026-05-31T00:00:00Z,2026-05-31T00:00:00Z
apex,FG010,DC_DEL,2024-11-01,305,2026-05-31T00:00:00Z,2026-05-31T00:00:00Z
apex,FG010,DC_MUM,2024-11-01,272,2026-05-31T00:00:00Z,2026-05-31T00:00:00Z
apex,FG010,DC_BLR,2024-11-01,192,2026-05-31T00:00:00Z,2026-05-31T00:00:00Z
apex,FG010,DC_DEL,2024-12-01,410,2026-05-31T00:00:00Z,2026-05-31T00:00:00Z
apex,FG010,DC_MUM,2024-12-01,323,2026-05-31T00:00:00Z,2026-05-31T00:00:00Z
apex,FG010,DC_BLR,2024-12-01,231,2026-05-31T00:00:00Z,2026-05-31T00:00:00Z
apex,FG010,DC_DEL,2025-01-01,501,2026-05-31T00:00:00Z,2026-05-31T00:00:00Z
apex,FG010,DC_MUM,2025-01-01,401,2026-05-31T00:00:00Z,2026-05-31T00:00:00Z
apex,FG010,DC_BLR,2025-01-01,291,2026-05-31T00:00:00Z,2026-05-31T00:00:00Z
apex,FG010,DC_DEL,2025-02-01,512,2026-05-31T00:00:00Z,2026-05-31T00:00:00Z
apex,FG010,DC_MUM,2025-02-01,439,2026-05-31T00:00:00Z,2026-05-31T00:00:00Z
apex,FG010,DC_BLR,2025-02-01,351,2026-05-31T00:00:00Z,2026-05-31T00:00:00Z
apex,FG010,DC_DEL,2025-03-01,572,2026-05-31T00:00:00Z,2026-05-31T00:00:00Z
apex,FG010,DC_MUM,2025-03-01,518,2026-05-31T00:00:00Z,2026-05-31T00:00:00Z
apex,FG010,DC_BLR,2025-03-01,355,2026-05-31T00:00:00Z,2026-05-31T00:00:00Z
apex,FG010,DC_DEL,2025-04-01,585,2026-05-31T00:00:00Z,2026-05-31T00:00:00Z
apex,FG010,DC_MUM,2025-04-01,491,2026-05-31T00:00:00Z,2026-05-31T00:00:00Z
apex,FG010,DC_BLR,2025-04-01,328,2026-05-31T00:00:00Z,2026-05-31T00:00:00Z
apex,FG010,DC_DEL,2025-05-01,514,2026-05-31T00:00:00Z,2026-05-31T00:00:00Z
apex,FG010,DC_MUM,2025-05-01,482,2026-05-31T00:00:00Z,2026-05-31T00:00:00Z
apex,FG010,DC_BLR,2025-05-01,298,2026-05-31T00:00:00Z,2026-05-31T00:00:00Z
apex,FG010,DC_DEL,2025-06-01,465,2026-05-31T00:00:00Z,2026-05-31T00:00:00Z
apex,FG010,DC_MUM,2025-06-01,412,2026-05-31T00:00:00Z,2026-05-31T00:00:00Z
apex,FG010,DC_BLR,2025-06-01,279,2026-05-31T00:00:00Z,2026-05-31T00:00:00Z
apex,FG010,DC_DEL,2025-07-01,371,2026-05-31T00:00:00Z,2026-05-31T00:00:00Z
apex,FG010,DC_MUM,2025-07-01,351,2026-05-31T00:00:00Z,2026-05-31T00:00:00Z
apex,FG010,DC_BLR,2025-07-01,217,2026-05-31T00:00:00Z,2026-05-31T00:00:00Z
apex,FG010,DC_DEL,2025-08-01,320,2026-05-31T00:00:00Z,2026-05-31T00:00:00Z
apex,FG010,DC_MUM,2025-08-01,277,2026-05-31T00:00:00Z,2026-05-31T00:00:00Z
apex,FG010,DC_BLR,2025-08-01,207,2026-05-31T00:00:00Z,2026-05-31T00:00:00Z
apex,FG010,DC_DEL,2025-09-01,305,2026-05-31T00:00:00Z,2026-05-31T00:00:00Z
apex,FG010,DC_MUM,2025-09-01,285,2026-05-31T00:00:00Z,2026-05-31T00:00:00Z
apex,FG010,DC_BLR,2025-09-01,178,2026-05-31T00:00:00Z,2026-05-31T00:00:00Z
apex,FG010,DC_DEL,2025-10-01,311,2026-05-31T00:00:00Z,2026-05-31T00:00:00Z
apex,FG010,DC_MUM,2025-10-01,297,2026-05-31T00:00:00Z,2026-05-31T00:00:00Z
apex,FG010,DC_BLR,2025-10-01,194,2026-05-31T00:00:00Z,2026-05-31T00:00:00Z
apex,FG010,DC_DEL,2025-11-01,387,2026-05-31T00:00:00Z,2026-05-31T00:00:00Z
apex,FG010,DC_MUM,2025-11-01,359,2026-05-31T00:00:00Z,2026-05-31T00:00:00Z
apex,FG010,DC_BLR,2025-11-01,253,2026-05-31T00:00:00Z,2026-05-31T00:00:00Z
apex,FG010,DC_DEL,2025-12-01,482,2026-05-31T00:00:00Z,2026-05-31T00:00:00Z
apex,FG010,DC_MUM,2025-12-01,468,2026-05-31T00:00:00Z,2026-05-31T00:00:00Z
apex,FG010,DC_BLR,2025-12-01,311,2026-05-31T00:00:00Z,2026-05-31T00:00:00Z
apex,FG010,DC_DEL,2026-01-01,588,2026-05-31T00:00:00Z,2026-05-31T00:00:00Z
apex,FG010,DC_MUM,2026-01-01,527,2026-05-31T00:00:00Z,2026-05-31T00:00:00Z
apex,FG010,DC_BLR,2026-01-01,347,2026-05-31T00:00:00Z,2026-05-31T00:00:00Z
apex,FG010,DC_DEL,2026-02-01,691,2026-05-31T00:00:00Z,2026-05-31T00:00:00Z
apex,FG010,DC_MUM,2026-02-01,619,2026-05-31T00:00:00Z,2026-05-31T00:00:00Z
apex,FG010,DC_BLR,2026-02-01,428,2026-05-31T00:00:00Z,2026-05-31T00:00:00Z
apex,FG010,DC_DEL,2026-03-01,736,2026-05-31T00:00:00Z,2026-05-31T00:00:00Z
apex,FG010,DC_MUM,2026-03-01,639,2026-05-31T00:00:00Z,2026-05-31T00:00:00Z
apex,FG010,DC_BLR,2026-03-01,421,2026-05-31T00:00:00Z,2026-05-31T00:00:00Z
